html_url,id_number,importance,product,component,assignee,status,resolution,summary,changeddate,commit_html_url,is_duplicated,is_refactoring_haibo,is_refactoring_zhuolin,conflict,has_input_program,has_patch,final,refactoring type,cross checked,reproducebale,might need to remove,symptom category,symptom sub category,input property,root cause,stage,
https://bz.apache.org/netbeans/show_bug.cgi?id=254936,254936,P3,java,Refactor,sdedic,RESO,FIXE,NullPointerException at org.netbeans.modules.refactoring.java.plugins.MoveMembersTransformer.insertIfMatch,2017/8/4,,0,0,0,0,0,0,0,,,,,,,,,,
https://bz.apache.org/netbeans/show_bug.cgi?id=270953,270953,P2,java,Refactor,sdedic,RESO,FIXE,Refactor -> Introduce Method... inside lambda does not consider referenced finals,2017/7/26,https://github.com/apache/netbeans/commit/1f4f03ae3ef7b0a9745ab7f1701e1ebf22c0aac0,0,1,1,0,1,1,1,Introduce Method,1,1,,compile error,,,ast transformation issue,Create Change,ignore lambda
https://bz.apache.org/netbeans/show_bug.cgi?id=270360,270360,P2,java,Refactor,dbalek,RESO,FIXE,Move class to type refactoring leaves old package declaration,2017/5/28,https://github.com/apache/netbeans/commit/60a390a720fe369f2ae3eb6504a7aa0947652019,0,1,1,0,1,1,1,Move class,,,,compile error,partially,,ast transformation issue,Create Change,add import
https://bz.apache.org/netbeans/show_bug.cgi?id=270036,270036,P2,java,Refactor,sdedic,RESO,FIXE,Class name change refactoring does not change class name in annotations or enums parameters,2017/3/30,,0,1,1,0,1,0,1,Rename class,,,,compile error,incomplete refactoring,annotations or enums,,,
https://bz.apache.org/netbeans/show_bug.cgi?id=262724,262724,P3,java,Refactor,sdedic,RESO,FIXE,"Refactor>Move>Select All = hang for eternity, unresponsive",2016/8/27,,0,1,1,0,0,0,1,,,,,,,,,,
https://bz.apache.org/netbeans/show_bug.cgi?id=253902,253902,P3,java,Refactor,ralphbenjamin,RESO,FIXE,NullPointerException at org.netbeans.modules.refactoring.java.ui.IntroduceParameterPanel$2$1.run,2016/8/12,,0,0,0,0,0,0,0,,,,,,,,,,
https://bz.apache.org/netbeans/show_bug.cgi?id=261585,261585,P3,java,Refactor,sdedic,RESO,FIXE,NullPointerException at org.netbeans.modules.refactoring.java.ui.RenameRefactoringUI$2.create,2016/8/11,,0,0,0,0,0,0,0,,,,,,,,,,
https://bz.apache.org/netbeans/show_bug.cgi?id=260880,260880,P3,java,Refactor,sdedic,RESO,FIXE,NullPointerException at org.netbeans.modules.refactoring.java.ui.InlineRefactoringUI$1.create,2016/8/11,,0,0,0,0,0,0,0,,,,,,,,,,
https://bz.apache.org/netbeans/show_bug.cgi?id=258227,258227,P3,java,Refactor,sdedic,RESO,FIXE,NullPointerException at org.netbeans.modules.refactoring.java.plugins.JavaWhereUsedQueryPlugin$1.run,2016/8/11,,0,0,0,0,0,0,0,,,,,,,,,,
https://bz.apache.org/netbeans/show_bug.cgi?id=219199,219199,P4,java,Refactor,ralphbenjamin,VERI,FIXE,Refactoring Push Down Creates Blank Line Between Fields,2016/7/23,,0,1,1,0,1,0,1,Push Down,,,,unnecessary change,add empty line,,,,
https://bz.apache.org/netbeans/show_bug.cgi?id=262811,262811,P2,java,Refactor,tzezula,RESO,FIXE,Starvation in Java refactoring,2016/7/15,,0,0,0,0,0,0,0,,,,,,,,,,
https://bz.apache.org/netbeans/show_bug.cgi?id=192416,192416,P4,java,Refactor,jbecicka,VERI,FIXE,[70cat] Extract superclass refactoring generates non compilable code,2016/7/9,,0,1,1,0,1,0,1,Extract superclass,,,,compile error,incomplete refactoring / broken access,,,,
https://bz.apache.org/netbeans/show_bug.cgi?id=262177,262177,P3,java,Refactor,ralphbenjamin,RESO,FIXE,NullPointerException at org.netbeans.modules.refactoring.java.plugins.IntroduceLocalExtensionTransformer.addFields,2016/5/27,,0,0,0,0,1,0,0,,,,,,,,,,
https://bz.apache.org/netbeans/show_bug.cgi?id=258579,258579,P3,java,Refactor,ralphbenjamin,RESO,FIXE,NullPointerException at org.netbeans.modules.refactoring.java.plugins.TreeDuplicator.duplicate,2016/5/18,,0,0,1,1,0,0,0,,,,,,,,,,
https://bz.apache.org/netbeans/show_bug.cgi?id=258950,258950,P3,java,Refactor,ralphbenjamin,RESO,FIXE,NullPointerException at org.netbeans.modules.refactoring.java.plugins.InlineMethodTransformer.visitCompilationUnit,2016/5/17,,0,0,0,0,0,0,0,,,,,,,,,,
https://bz.apache.org/netbeans/show_bug.cgi?id=259004,259004,P3,java,Refactor,ralphbenjamin,RESO,FIXE,Inner to Outer refactoring breaks implicit lambdas,2016/5/7,,0,1,1,0,1,0,1,Move Inner to Outer Level,,,,compile error,lambda,,,,
https://bz.apache.org/netbeans/show_bug.cgi?id=236189,236189,P3,java,Refactor,ralphbenjamin,RESO,FIXE,Illegal qualified enum names after Move refactoring,2016/3/3,,0,1,1,0,1,0,1,move inner class to outer level,,,,compile error,,"switch, enum",,,
https://bz.apache.org/netbeans/show_bug.cgi?id=253944,253944,P3,java,Refactor,ralphbenjamin,VERI,FIXE,[81cat][refactoring]Undo dialog shows extra '&' when undoing use supertype where possible,2015/9/14,,0,0,0,0,0,0,0,,,,,,,,,,
https://bz.apache.org/netbeans/show_bug.cgi?id=253927,253927,P3,java,Refactor,ralphbenjamin,VERI,FIXE,[81cat][refactoring]Extract super class does not choose current method by default,2015/9/14,,0,1,1,0,0,0,1,,,,,,,,,,
https://bz.apache.org/netbeans/show_bug.cgi?id=253926,253926,P3,java,Refactor,ralphbenjamin,VERI,FIXE,[81cat][refactoring] Pull Up method from Sub class to super abstract class does not generate correct method body,2015/9/14,,0,1,1,0,0,0,1,,,,,,,,,,
https://bz.apache.org/netbeans/show_bug.cgi?id=254705,254705,P3,java,Refactor,ralphbenjamin,VERI,FIXE,NullPointerException at org.netbeans.modules.refactoring.java.plugins.PushDownTransformer.visitMemberSelect,2015/9/9,,0,1,1,0,1,0,1,Push Down,,,,exception,NPE,,,,
https://bz.apache.org/netbeans/show_bug.cgi?id=254704,254704,P1,java,Refactor,ralphbenjamin,VERI,FIXE,Change method parameters refactoring is broken when chaining methods in some specific order,2015/9/1,,0,1,1,0,1,0,1,Change Method Parameters,1,0,1,fail to refactoring,partially? ,,,,
https://bz.apache.org/netbeans/show_bug.cgi?id=254599,254599,P1,java,Refactor,ralphbenjamin,VERI,FIXE,Rename refactoring does not find method uses when chaining methods in some specific order,2015/8/26,,0,1,1,0,1,0,1,Rename method,1,0,1,fail to refactoring,partially? ,BigDecimal,,,
https://bz.apache.org/netbeans/show_bug.cgi?id=254663,254663,P3,java,Refactor,ralphbenjamin,RESO,FIXE,IllegalStateException at org.netbeans.modules.refactoring.java.plugins.IntroduceLocalExtensionTransformer.choosePattern,2015/8/26,,0,0,0,0,0,0,0,,,,,,,,,,
https://bz.apache.org/netbeans/show_bug.cgi?id=223769,223769,P4,java,Refactor,ralphbenjamin,RESO,FIXE,"Refactoring: Inline Temp dialog: Preview-Button is keyboard-default, but Cancel is displayed as default",2015/8/26,,0,0,0,0,0,0,0,,,,,,,,,,
https://bz.apache.org/netbeans/show_bug.cgi?id=254188,254188,P3,java,Refactor,ralphbenjamin,RESO,FIXE,NullPointerException at org.netbeans.modules.refactoring.java.ui.SafeDeleteUI.deletePackage,2015/8/18,,0,0,0,0,0,0,0,,,,,,,,,,
https://bz.apache.org/netbeans/show_bug.cgi?id=253562,253562,P3,java,Refactor,ralphbenjamin,RESO,FIXE,NullPointerException at org.netbeans.modules.refactoring.java.plugins.FindUsagesVisitor.analyzeCollectionAccess,2015/7/21,,0,0,0,0,0,0,0,,,,,,,,,,
https://bz.apache.org/netbeans/show_bug.cgi?id=253393,253393,P3,java,Refactor,ralphbenjamin,RESO,FIXE,NullPointerException at org.netbeans.modules.refactoring.java.plugins.EncapsulateFieldRefactoringPlugin.overridingHasWeakerAccess,2015/7/14,,0,0,0,0,0,0,0,,,,,,,,,,
https://bz.apache.org/netbeans/show_bug.cgi?id=224777,224777,P3,java,Refactor,ralphbenjamin,RESO,FIXE,NullPointerException at org.netbeans.modules.refactoring.java.plugins.PackageRename$PackageRenamePlugin$RenameNonRecursiveFolder.setName,2015/7/2,,0,0,0,0,0,0,0,,,,,,,,,,
https://bz.apache.org/netbeans/show_bug.cgi?id=251039,251039,P3,java,Refactor,ralphbenjamin,RESO,FIXE,NullPointerException at org.netbeans.modules.refactoring.java.plugins.PackageRename$PackageRenamePlugin.fastCheckParameters,2015/7/2,,0,0,0,0,0,0,0,,,,,,,,,,
https://bz.apache.org/netbeans/show_bug.cgi?id=253089,253089,P3,java,Refactor,ralphbenjamin,RESO,FIXE,NullPointerException at org.netbeans.modules.refactoring.java.ui.EncapsulateFieldUI.create,2015/6/30,,0,1,1,0,1,0,1,encapsulate fields,,,,exception,NPE,getter setter,,,
https://bz.apache.org/netbeans/show_bug.cgi?id=253179,253179,P3,java,Refactor,ralphbenjamin,RESO,FIXE,"Refactor of overloaded static import doesn't work as expected, causes compiler errors",2015/6/30,,0,1,1,0,1,0,1,rename method,1,0,1,fail to refactoring,partially,static method,,,
https://bz.apache.org/netbeans/show_bug.cgi?id=250815,250815,P2,java,Refactor,ralphbenjamin,RESO,FIXE,Shortcuts are missing for refactoring actions,2015/5/19,,0,0,0,0,1,0,0,,,,,,,,,,
https://bz.apache.org/netbeans/show_bug.cgi?id=251831,251831,P3,java,Refactor,ralphbenjamin,RESO,FIXE,Refactor copy action does not update package info,2015/4/21,,0,0,0,0,0,0,0,,,,,,,,,,
https://bz.apache.org/netbeans/show_bug.cgi?id=234094,234094,P3,java,Refactor,ralphbenjamin,RESO,FIXE,Enum class name refactoring does not ask to change test file name too,2015/3/25,,0,1,1,0,0,0,1,,,,,,,,,,
https://bz.apache.org/netbeans/show_bug.cgi?id=250683,250683,P3,java,Refactor,ralphbenjamin,RESO,FIXE,NullPointerException at org.netbeans.modules.refactoring.java.ui.tree.ElementGripFactory$Interval.createInterval,2015/3/13,,0,1,1,0,0,0,1,,,,,,,,,,
https://bz.apache.org/netbeans/show_bug.cgi?id=228708,228708,P3,java,Refactor,ralphbenjamin,RESO,FIXE,[Invert Boolean] Disable invert refactoring for overriding methods,2015/3/9,,0,1,1,0,1,0,1,rename method,1,1,,compile error,,annotation,,,
https://bz.apache.org/netbeans/show_bug.cgi?id=250462,250462,P3,java,Refactor,ralphbenjamin,RESO,FIXE,NullPointerException at org.netbeans.modules.refactoring.java.plugins.RenameRefactoringPlugin.fastCheckParameters,2015/2/18,,0,1,1,0,0,0,1,,,,,,,,,,
https://bz.apache.org/netbeans/show_bug.cgi?id=250415,250415,P3,java,Refactor,ralphbenjamin,RESO,FIXE,Refactor Rename ... Class should rename Class in @see or @link Class#member javadoc,2015/2/17,,0,1,1,0,1,0,1,rename class,,,,fail to refactoring,,annotation in comment,,,
https://bz.apache.org/netbeans/show_bug.cgi?id=250421,250421,P2,java,Refactor,ralphbenjamin,RESO,FIXE,Refactor move to another class loses comments,2015/2/17,,0,1,1,0,1,0,1,move method,1,1,,comment related,delete comment,,,,
https://bz.apache.org/netbeans/show_bug.cgi?id=247110,247110,P3,java,Refactor,ralphbenjamin,RESO,FIXE,NullPointerException at org.netbeans.modules.refactoring.java.ui.RenamePanel$2.run,2015/2/9,,0,1,1,0,0,0,1,,,,,,,,,,
https://bz.apache.org/netbeans/show_bug.cgi?id=250021,250021,P3,java,Refactor,ralphbenjamin,RESO,FIXE,NullPointerException at org.netbeans.modules.refactoring.java.plugins.MoveMembersTransformer$8.visitMethodInvocation,2015/1/28,,0,0,0,0,0,0,0,,,,,,,,,,
https://bz.apache.org/netbeans/show_bug.cgi?id=249807,249807,P3,java,Refactor,ralphbenjamin,RESO,FIXE,NullPointerException at org.netbeans.modules.refactoring.java.plugins.JavaWhereUsedQueryPlugin$1.run,2015/1/28,,0,0,0,0,0,0,0,,,,,,,,,,
https://bz.apache.org/netbeans/show_bug.cgi?id=249299,249299,P3,java,Refactor,ralphbenjamin,RESO,FIXE,JavaDoc comments for enum values are lost during Refactor -> Move Inner to Outer level,2015/1/28,,0,1,1,0,1,0,1,Move Inner to Outer level,,,,comment related,delete comment partially,JavaDoc comments for enum,,,
https://bz.apache.org/netbeans/show_bug.cgi?id=246799,246799,P2,java,Refactor,ralphbenjamin,RESO,FIXE,NullPointerException at org.netbeans.modules.refactoring.java.ui.SafeDeleteUI.create,2015/1/26,,0,0,0,0,0,0,0,,,,,,,,,,
https://bz.apache.org/netbeans/show_bug.cgi?id=249073,249073,P3,java,Refactor,ralphbenjamin,RESO,FIXE,NullPointerException at org.netbeans.modules.refactoring.java.WhereUsedElement.filter,2015/1/7,,0,0,0,0,0,0,0,,,,,,,,,,
https://bz.apache.org/netbeans/show_bug.cgi?id=249499,249499,P3,java,Refactor,ralphbenjamin,RESO,FIXE,NullPointerException at org.netbeans.modules.refactoring.java.plugins.SafeDeleteRefactoringPlugin$3.run,2015/1/7,,0,0,0,0,0,0,0,,,,,,,,,,
https://bz.apache.org/netbeans/show_bug.cgi?id=247707,247707,P3,java,Refactor,ralphbenjamin,VERI,FIXE,NullPointerException at org.netbeans.modules.refactoring.java.ui.PullUpPanel$TableModel.isCellEditable,2014/11/11,,0,0,0,0,0,0,0,,,,,,,,,,
https://bz.apache.org/netbeans/show_bug.cgi?id=247593,247593,P3,java,Refactor,ralphbenjamin,VERI,FIXE,NullPointerException at org.netbeans.modules.refactoring.java.plugins.MoveClassTransformer.getPackageOf,2014/11/11,,0,0,0,0,0,0,0,,,,,,,,,,
https://bz.apache.org/netbeans/show_bug.cgi?id=247462,247462,P3,java,Refactor,ralphbenjamin,VERI,FIXE,Generic type information lost when using Refactor => Move for a Java method,2014/11/11,,0,1,1,0,1,0,1,move method,1,1,,compile error,redundant change,,,,
https://bz.apache.org/netbeans/show_bug.cgi?id=243374,243374,P3,java,Refactor,ralphbenjamin,RESO,FIXE,Java Refactoring threw NullPointerException,2014/10/20,,0,0,0,0,0,0,0,,,,,,,,,,
https://bz.apache.org/netbeans/show_bug.cgi?id=98166,98166,P3,java,Refactor,ralphbenjamin,RESO,FIXE,[Push Down Field] Refactoring does not replace field reference,2014/9/13,,0,1,1,0,1,0,1,Push Down Field,,,,compile error,,,,,
https://bz.apache.org/netbeans/show_bug.cgi?id=242219,242219,P3,java,Refactor,ralphbenjamin,RESO,FIXE,NullPointerException at org.netbeans.modules.refactoring.java.ui.EncapsulateFieldUI.create,2014/7/30,,0,1,1,0,1,0,1,Encapsulate Filed,,,,exception,NPE,,,,
https://bz.apache.org/netbeans/show_bug.cgi?id=245846,245846,P3,java,Refactor,ralphbenjamin,RESO,FIXE,NullPointerException at org.netbeans.modules.refactoring.java.plugins.SafeDeleteRefactoringPlugin$3.run,2014/7/30,,0,0,0,0,0,0,0,,,,,,,,,,
https://bz.apache.org/netbeans/show_bug.cgi?id=241866,241866,P3,java,Refactor,ralphbenjamin,RESO,FIXE,NullPointerException at org.netbeans.modules.refactoring.java.plugins.ChangeParamsTransformer.isMethodMatch,2014/7/30,,0,0,0,0,0,0,0,,,,,,,,,,
https://bz.apache.org/netbeans/show_bug.cgi?id=243067,243067,P3,java,Refactor,ralphbenjamin,RESO,FIXE,Refactoring pop-up never goes away on a file delete operation from project explorer.,2014/7/17,,0,0,0,0,0,0,0,,,,,,,,,,
https://bz.apache.org/netbeans/show_bug.cgi?id=244654,244654,P3,java,Refactor,ralphbenjamin,RESO,FIXE,NullPointerException at org.netbeans.modules.refactoring.java.plugins.PullUpTransformer.removeMembersFromSource,2014/7/17,,0,0,0,0,0,0,0,,,,,,,,,,
https://bz.apache.org/netbeans/show_bug.cgi?id=245211,245211,P3,java,Refactor,ralphbenjamin,RESO,FIXE,Refactoring does not add @return in javadoc,2014/7/10,,0,1,1,0,0,0,1,,,,,,,,,,
https://bz.apache.org/netbeans/show_bug.cgi?id=230348,230348,P3,java,Refactor,ralphbenjamin,RESO,FIXE,[Inline variable] After refactoring the editor lost the focus,2014/4/5,,0,0,0,0,1,0,0,,,,,,,,,,
https://bz.apache.org/netbeans/show_bug.cgi?id=241309,241309,P2,java,Refactor,ralphbenjamin,VERI,FIXE,NullPointerException at org.netbeans.modules.refactoring.java.plugins.SafeDeleteRefactoringPlugin.getJavaSource,2014/2/5,,0,0,0,0,0,0,0,,,,,,,,,,
https://bz.apache.org/netbeans/show_bug.cgi?id=241223,241223,P2,java,Refactor,ralphbenjamin,RESO,FIXE,java.util.MissingResourceException: No such bundle org.netbeans.modules.refactoring.spi.Bundle,2014/2/2,,0,0,0,0,0,0,0,,,,,,,,,,
https://bz.apache.org/netbeans/show_bug.cgi?id=241074,241074,P3,java,Refactor,ralphbenjamin,RESO,FIXE,NullPointerException at org.netbeans.modules.refactoring.java.ui.InnerToOuterRefactoringUI.create,2014/2/1,,0,0,0,0,0,0,0,,,,,,,,,,
https://bz.apache.org/netbeans/show_bug.cgi?id=235564,235564,P3,java,Refactor,ralphbenjamin,RESO,FIXE,Rename refactor can break code when new name shadows existing name,2014/1/9,,0,1,1,0,1,0,1,Rename variable,,,,behavior change,,,,,
https://bz.apache.org/netbeans/show_bug.cgi?id=239300,239300,P3,java,Refactor,ralphbenjamin,RESO,FIXE,Module Java Refactoring threw java.lang.IndexOutOfBoundsException,2014/1/9,,0,0,0,0,0,0,0,,,,,,,,,,
https://bz.apache.org/netbeans/show_bug.cgi?id=239213,239213,P2,java,Refactor,ralphbenjamin,RESO,FIXE,Parsing Error after Refactor Copy,2013/12/12,,0,0,0,0,0,0,0,,,,,,,,,,
https://bz.apache.org/netbeans/show_bug.cgi?id=238761,238761,P1,java,Refactor,ralphbenjamin,VERI,FIXE,Failing JavaRefactoringActionsProviderTest,2013/12/2,,0,0,0,0,0,0,0,,,,,,,,,,
https://bz.apache.org/netbeans/show_bug.cgi?id=235736,235736,P2,java,Refactor,ralphbenjamin,RESO,FIXE,Opening help does not work correctly in refactoring dialog,2013/9/27,,0,0,0,0,0,0,0,,,,,,,,,,
https://bz.apache.org/netbeans/show_bug.cgi?id=233782,233782,P3,java,Refactor,ralphbenjamin,VERI,FIXE,[Refactoring>Inline] causes exception,2013/9/17,,0,1,1,0,1,0,1,inline method,1,0,1,exception,,,,,
https://bz.apache.org/netbeans/show_bug.cgi?id=228027,228027,P3,java,Refactor,ralphbenjamin,VERI,FIXE,NullPointerException at org.netbeans.modules.refactoring.java.ui.ChangeParametersPanel$1.run,2013/8/30,,0,0,0,0,0,0,0,,,,,,,,,,
https://bz.apache.org/netbeans/show_bug.cgi?id=225857,225857,P3,java,Refactor,ralphbenjamin,RESO,FIXE,NullPointerException at org.netbeans.modules.refactoring.java.plugins.InlineRefactoringPlugin.preCheck,2013/7/25,,0,0,0,0,0,0,0,,,,,,,,,,
https://bz.apache.org/netbeans/show_bug.cgi?id=232110,232110,P2,java,Refactor,ralphbenjamin,VERI,FIXE,"[Move member refactoring] moving members doesn't move imports too, which results in uncompilable code",2013/7/23,,0,1,1,0,1,0,1,move method,1,1,,compile error,incomplete refactoring,,,,
https://bz.apache.org/netbeans/show_bug.cgi?id=232348,232348,P3,java,Refactor,ralphbenjamin,VERI,FIXE,[Copy Class] Newly created files are shown incorrectly in tree of refactoring preview,2013/7/23,,0,0,0,0,0,0,0,,,,,,,,,,
https://bz.apache.org/netbeans/show_bug.cgi?id=232677,232677,P3,java,Refactor,ralphbenjamin,RESO,FIXE,NullPointerException at org.netbeans.modules.refactoring.java.plugins.EncapsulateFieldRefactoringPlugin$Encapsulator.getPropertyChangeSupport,2013/7/22,,0,0,0,0,0,0,0,,,,,,,,,,
https://bz.apache.org/netbeans/show_bug.cgi?id=233082,233082,P3,java,Refactor,ralphbenjamin,RESO,FIXE,[inline] Inline refactoring produces invalid code for nested method call,2013/7/22,,0,1,1,0,1,0,1,inline method,1,1,,behavior change,,nested method call,,,
https://bz.apache.org/netbeans/show_bug.cgi?id=231631,231631,P3,java,Refactor,ralphbenjamin,RESO,FIXE,[inline] Refactoring produces wrong code it assigning to method parameter,2013/7/20,,0,1,1,0,1,0,1,inline method,1,1,,behavior change,,,,,
https://bz.apache.org/netbeans/show_bug.cgi?id=232083,232083,P3,java,Refactor,ralphbenjamin,RESO,FIXE,[74cat] Pull Down refactoring generates uncompilable code,2013/7/12,,0,1,1,0,0,0,1,,,,,,,,,,
https://bz.apache.org/netbeans/show_bug.cgi?id=231638,231638,P3,java,Refactor,ralphbenjamin,RESO,FIXE,[Replace constructor with builder] Refactoring produces non-compilable code when original constructor is private,2013/7/4,,0,1,1,0,1,0,1,Replace constructor with builder,,,,compile error,,private constructor,,,
https://bz.apache.org/netbeans/show_bug.cgi?id=195228,195228,P4,java,Refactor,jbecicka,CLOS,FIXE,Refactoring preview has too dark background color in main panel,2013/6/27,,0,0,0,0,0,0,0,,,,,,,,,,
https://bz.apache.org/netbeans/show_bug.cgi?id=230939,230939,P3,java,Refactor,ralphbenjamin,RESO,FIXE,[dark] list of errors while refactoring is barely readable,2013/6/22,,0,0,0,0,0,0,0,,,,,,,,,,
https://bz.apache.org/netbeans/show_bug.cgi?id=230930,230930,P3,java,Refactor,ralphbenjamin,RESO,FIXE,[pull up] Refactoring allows to move static method into the interface,2013/6/11,,0,1,1,0,1,0,1,pull up method,1,1,,compile error,,,,,
https://bz.apache.org/netbeans/show_bug.cgi?id=216870,216870,P3,java,Refactor,ralphbenjamin,RESO,FIXE,"Refactoring packages to use different case results in ""package already exists"" in refactor dialog",2013/6/5,,0,0,0,0,0,0,0,,,,,,,,,,
https://bz.apache.org/netbeans/show_bug.cgi?id=219404,219404,P3,java,Refactor,ralphbenjamin,RESO,FIXE,NullPointerException at org.netbeans.modules.refactoring.java.plugins.EncapsulateFieldRefactoringPlugin.getRelevantFiles,2013/6/5,,0,0,0,0,0,0,0,,,,,,,,,,
https://bz.apache.org/netbeans/show_bug.cgi?id=230293,230293,P3,java,Refactor,ralphbenjamin,RESO,FIXE,NullPointerException at org.netbeans.modules.refactoring.java.ui.scope.CurrentPackageScopeProvider.initialize,2013/5/28,,0,0,0,0,0,0,0,,,,,,,,,,
https://bz.apache.org/netbeans/show_bug.cgi?id=165579,165579,P3,java,Refactor,ralphbenjamin,RESO,FIXE,Refactoring of loop labels doesn't work,2013/5/22,,0,0,0,0,0,0,0,,,,,,,,,,
https://bz.apache.org/netbeans/show_bug.cgi?id=226517,226517,P3,java,Refactor,ralphbenjamin,RESO,FIXE,Missing progress when invoking Refactoring,2013/5/22,,0,0,0,0,0,0,0,,,,,,,,,,
https://bz.apache.org/netbeans/show_bug.cgi?id=227886,227886,P3,java,Refactor,ralphbenjamin,RESO,FIXE,NullPointerException at org.netbeans.modules.refactoring.java.ui.tree.ElementGripFactory.getParent,2013/5/22,,0,0,0,0,0,0,0,,,,,,,,,,
https://bz.apache.org/netbeans/show_bug.cgi?id=190443,190443,P3,java,Refactor,jbecicka,VERI,FIXE,NullPointerException at org.netbeans.modules.refactoring.java.ui.RenameRefactoringUI.getHelpCtx,2013/5/21,,0,0,0,0,0,0,0,,,,,,,,,,
https://bz.apache.org/netbeans/show_bug.cgi?id=222334,222334,P3,java,Refactor,ralphbenjamin,RESO,FIXE,Refactor -> extract interface missing check-all box,2013/5/15,,0,0,0,0,0,0,0,,,,,,,,,,
https://bz.apache.org/netbeans/show_bug.cgi?id=227175,227175,P2,java,Refactor,ralphbenjamin,VERI,FIXE,NullPointerException at org.netbeans.modules.refactoring.java.ui.RenameRefactoringUI.getPanel,2013/5/5,,0,0,0,0,0,0,0,,,,,,,,,,
https://bz.apache.org/netbeans/show_bug.cgi?id=163918,163918,P3,java,Refactor,dstrupl,VERI,FIXE,NullPointerException at org.netbeans.modules.refactoring.java.ui.RefactoringActionsProvider$11.createRefactoringUI,2013/4/23,,0,1,1,0,1,0,1,move parameter,,,,exception,NPE,,,,
https://bz.apache.org/netbeans/show_bug.cgi?id=207179,207179,P2,java,Refactor,ralphbenjamin,VERI,FIXE,NullPointerException at org.netbeans.modules.refactoring.java.RefactoringUtils.findEnclosingClass,2013/4/23,,0,1,1,0,1,0,1,move method,1,0,1,exception,NPE,,,,
https://bz.apache.org/netbeans/show_bug.cgi?id=226493,226493,P2,java,Refactor,ralphbenjamin,VERI,FIXE,Inline Refactoring - Fails,2013/3/20,,0,1,1,0,1,0,1,inline method,1,1,,exception,NPE,,,,
https://bz.apache.org/netbeans/show_bug.cgi?id=218766,218766,P1,java,Refactor,ralphbenjamin,VERI,FIXE,ClassCastException: org.netbeans.modules.refactoring.api.RenameRefactoring cannot be cast to org.netbeans.modules.refactoring.api.MoveRefactoring,2013/1/11,,1,0,0,0,0,0,0,,,,,,,,,,
https://bz.apache.org/netbeans/show_bug.cgi?id=100758,100758,P1,java,Refactor,jbecicka,VERI,FIXE,[65cat] Implement beans refactoring (and improve encapsulate fields),2013/1/11,,0,0,0,0,0,0,0,,,,,,,,,,
https://bz.apache.org/netbeans/show_bug.cgi?id=197189,197189,P3,java,Refactor,jbecicka,RESO,FIXE,Implement Introdoce Method Parameters Refactoring,2013/1/10,,0,0,0,0,0,0,0,,,,,,,,,,
https://bz.apache.org/netbeans/show_bug.cgi?id=223698,223698,P2,java,Refactor,ralphbenjamin,RESO,FIXE,Cannot refactor copy Java Sources to another package,2012/12/21,,0,0,0,0,0,0,0,,,,,,,,,,
https://bz.apache.org/netbeans/show_bug.cgi?id=223774,223774,P3,java,Refactor,ralphbenjamin,RESO,FIXE,NullPointerException at org.netbeans.modules.refactoring.java.plugins.MoveClassTransformer.isElementMoving,2012/12/21,,0,0,0,0,0,0,0,,,,,,,,,,
https://bz.apache.org/netbeans/show_bug.cgi?id=223340,223340,P2,java,Refactor,ralphbenjamin,RESO,FIXE,"Refactoring: ""Introduce Local Extension"" creates non-compileable code for abstract classes",2012/12/11,,0,1,1,0,1,0,1,Introduce Local Extension,,,,compile error,,,,,
https://bz.apache.org/netbeans/show_bug.cgi?id=222301,222301,P3,java,Refactor,ralphbenjamin,RESO,FIXE,[Replace constructor with builder] Refactoring cannot be used in enums and abstract classes,2012/11/21,,0,1,1,0,1,0,1,Replace constructor with builder,,,,compile error,,"enum, abstract class",,,
https://bz.apache.org/netbeans/show_bug.cgi?id=222403,222403,P3,java,Refactor,ralphbenjamin,RESO,FIXE,"""Move members"" refactoring generates wrong constructor for anonymous classes",2012/11/21,,0,1,1,0,1,0,1,move method,1,1,,compile error,,,,,
https://bz.apache.org/netbeans/show_bug.cgi?id=220727,220727,P3,java,Refactor,ralphbenjamin,RESO,FIXE,NullPointerException at org.netbeans.modules.refactoring.java.plugins.UseSuperTypeRefactoringPlugin$ReferencesVisitor.visitTypeCast,2012/11/15,,0,0,0,0,0,0,0,,,,,,,,,,
https://bz.apache.org/netbeans/show_bug.cgi?id=219716,219716,P3,java,Refactor,ralphbenjamin,RESO,FIXE,NullPointerException at org.netbeans.modules.refactoring.java.RefactoringUtils.variableClashes,2012/11/15,,0,0,0,0,0,0,0,,,,,,,,,,
https://bz.apache.org/netbeans/show_bug.cgi?id=221949,221949,P3,java,Refactor,ralphbenjamin,RESO,FIXE,[Replace constructor with factory] No warning when refactoring enum constructor,2012/11/15,,0,1,1,0,1,0,1,Replace constructor with factory,,,,compile error,,enum,,,
https://bz.apache.org/netbeans/show_bug.cgi?id=220827,220827,P3,java,Refactor,ralphbenjamin,RESO,FIXE,Refactory copy... wrong focus,2012/11/2,,0,0,0,0,0,0,0,,,,,,,,,,
https://bz.apache.org/netbeans/show_bug.cgi?id=215256,215256,P3,java,Refactor,ralphbenjamin,RESO,FIXE,"Refactoring ""change method parameters"" confuses parameters of newly created delegate",2012/10/6,,0,1,1,0,1,0,1,Change Method Parameters,1,1,,behavior change,,,,,
https://bz.apache.org/netbeans/show_bug.cgi?id=219065,219065,P3,java,Refactor,ralphbenjamin,RESO,FIXE,NullPointerException at org.netbeans.modules.refactoring.java.plugins.PackageRename$PackageRenamePlugin$RenameNonRecursiveFolder.isEmpty,2012/10/2,,0,0,0,0,0,0,0,,,,,,,,,,
https://bz.apache.org/netbeans/show_bug.cgi?id=218891,218891,P2,java,Refactor,ralphbenjamin,RESO,FIXE,Javac instances kept through refactoring,2012/9/26,,0,0,0,0,0,0,0,,,,,,,,,,
https://bz.apache.org/netbeans/show_bug.cgi?id=218591,218591,P2,java,Refactor,ralphbenjamin,VERI,FIXE,NullPointerException at org.netbeans.modules.refactoring.java.RefactoringUtils.getPackageName,2012/9/21,,0,0,0,0,0,0,0,,,,,,,,,,
https://bz.apache.org/netbeans/show_bug.cgi?id=218053,218053,P2,java,Refactor,ralphbenjamin,RESO,FIXE,IllegalArgumentException after ChangeMethodParameters refactoring,2012/9/20,,0,1,1,0,1,0,1,Change Method Parameters,1,0,1,exception,IllegalArgumentException,,,,
https://bz.apache.org/netbeans/show_bug.cgi?id=218133,218133,P3,java,Refactor,ralphbenjamin,VERI,FIXE,ClassCastException: org.netbeans.modules.refactoring.java.ui.elements.ElementNode$WaitNode cannot be cast to org.netbeans.modules.refactoring.java.ui.ClassItem,2012/9/19,,0,0,0,0,0,0,0,,,,,,,,,,
https://bz.apache.org/netbeans/show_bug.cgi?id=218114,218114,P3,java,Refactor,ralphbenjamin,RESO,FIXE,Refactoring produces illegal code?,2012/9/19,,0,1,1,0,1,0,1,Replace constructor with factory,,,,compile error,,inner class,,,
https://bz.apache.org/netbeans/show_bug.cgi?id=209504,209504,P3,java,Refactor,ralphbenjamin,RESO,FIXE,NullPointerException at org.netbeans.modules.refactoring.java.plugins.InnerToOuterTransformer.visitMemberSelect,2012/9/17,,0,0,0,0,0,0,0,,,,,,,,,,
https://bz.apache.org/netbeans/show_bug.cgi?id=218017,218017,P2,java,Refactor,ralphbenjamin,RESO,FIXE,NullPointerException at org.netbeans.modules.refactoring.java.ui.WhereUsedPanel$2.run,2012/9/11,,0,0,0,0,0,0,0,,,,,,,,,,
https://bz.apache.org/netbeans/show_bug.cgi?id=216735,216735,P3,java,Refactor,ralphbenjamin,RESO,FIXE,Missing license header in refactoring.java,2012/9/8,,0,0,0,0,0,0,0,,,,,,,,,,
https://bz.apache.org/netbeans/show_bug.cgi?id=216700,216700,P3,java,Refactor,ralphbenjamin,RESO,FIXE,"When refactoring a static method from one class to another, recursive calls to the same method are altered to refer to the methods original location.",2012/9/8,,0,1,1,0,1,0,1,move method,1,1,,compile error,,recursive call,,,
https://bz.apache.org/netbeans/show_bug.cgi?id=213462,213462,P3,java,Refactor,ralphbenjamin,RESO,FIXE,NullPointerException at org.netbeans.modules.refactoring.java.ui.IntroduceParameterUI.create,2012/9/7,,0,0,0,0,0,0,0,,,,,,,,,,
https://bz.apache.org/netbeans/show_bug.cgi?id=215137,215137,P2,java,Refactor,ralphbenjamin,VERI,FIXE,Field rename refactoring does not work as expected,2012/9/7,,0,1,1,0,1,0,1,rename field,,,,fail to refactoring,partially / for certain cases,,,,
https://bz.apache.org/netbeans/show_bug.cgi?id=204444,204444,P3,java,Refactor,ralphbenjamin,RESO,FIXE,Improve Move Refactoring to support nested/inner classes,2012/9/1,,0,0,0,0,0,0,0,,,,,,,,,,
https://bz.apache.org/netbeans/show_bug.cgi?id=217501,217501,P2,java,Refactor,ralphbenjamin,RESO,FIXE,"(Rename) refactoring keeping CompilationInfos, mostly through Undo queue",2012/8/29,,0,0,0,0,0,0,0,,,,,,,,,,
https://bz.apache.org/netbeans/show_bug.cgi?id=210212,210212,P2,java,Refactor,ralphbenjamin,VERI,FIXE,Refactoring Rename Missing Description,2012/8/20,,0,0,0,0,0,0,0,,,,,,,,,,
https://bz.apache.org/netbeans/show_bug.cgi?id=208791,208791,P4,java,Refactor,ralphbenjamin,VERI,FIXE,Refactoring Move Inner to Outer - Field Name,2012/8/20,,0,0,1,1,0,0,0,,,,,,,,,,
https://bz.apache.org/netbeans/show_bug.cgi?id=208695,208695,P3,java,Refactor,ralphbenjamin,VERI,FIXE,Refactoring Change Method Parameters - parameter position - path of type changing,2012/8/20,,0,0,1,1,0,0,0,,,,,,,,,,
https://bz.apache.org/netbeans/show_bug.cgi?id=208694,208694,P3,java,Refactor,ralphbenjamin,VERI,FIXE,Refactoring Change Method Parameters - different return type error,2012/8/20,,0,0,1,1,0,0,0,,,,,,,,,,
https://bz.apache.org/netbeans/show_bug.cgi?id=208692,208692,P2,java,Refactor,jbecicka,VERI,FIXE,Refactor Move Class doesn't work correctly,2012/8/20,,0,0,1,1,0,0,0,,,,,,,,,,
https://bz.apache.org/netbeans/show_bug.cgi?id=208640,208640,P3,java,Refactor,jbecicka,VERI,FIXE,"Refactoring Rename in Files view, weird behavior",2012/8/20,,0,0,1,1,0,0,0,,,,,,,,,,
https://bz.apache.org/netbeans/show_bug.cgi?id=206322,206322,P3,java,Refactor,ralphbenjamin,VERI,FIXE,Refactoring Find Usages - scope does not work properly,2012/8/3,,0,0,1,1,0,0,0,,,,,,,,,,
https://bz.apache.org/netbeans/show_bug.cgi?id=200032,200032,P3,java,Refactor,jbecicka,VERI,FIXE,Refactoring Extract interface Cancel button cause unordinary behavior,2012/8/1,,0,0,1,1,0,0,0,,,,,,,,,,
https://bz.apache.org/netbeans/show_bug.cgi?id=206574,206574,P3,java,Refactor,jbecicka,VERI,FIXE,NullPointerException at org.netbeans.modules.refactoring.java.ui.RenameRefactoringUI.getHelpCtx,2012/6/18,,0,1,1,0,1,0,1,rename local variable,,,,exception, NPE,,,,
https://bz.apache.org/netbeans/show_bug.cgi?id=69498,69498,P2,java,Refactor,jbecicka,RESO,FIXE,refactoring for field encapsulation & bean properties & property change & beaninfo,2012/6/13,,0,0,0,0,0,0,0,,,,,,,,,,
https://bz.apache.org/netbeans/show_bug.cgi?id=213836,213836,P3,java,Refactor,ralphbenjamin,RESO,FIXE,NullPointerException at org.netbeans.modules.refactoring.java.ui.CopyClassRefactoringUI.create,2012/6/12,,0,0,0,0,0,0,0,,,,,,,,,,
https://bz.apache.org/netbeans/show_bug.cgi?id=213634,213634,P3,java,Refactor,ralphbenjamin,RESO,FIXE,NullPointerException at org.netbeans.modules.refactoring.java.plugins.EncapsulateFieldRefactoringPlugin.checkParameters,2012/6/8,,0,0,0,0,0,0,0,,,,,,,,,,
https://bz.apache.org/netbeans/show_bug.cgi?id=134034,134034,P3,java,Refactor,ralphbenjamin,RESO,FIXE,[Pull Up] refactoring causes compiler error if target calls super,2012/5/25,,0,1,1,0,1,0,1,pull up method,1,1,,compile error,,super,,,
https://bz.apache.org/netbeans/show_bug.cgi?id=212626,212626,P2,java,Refactor,ralphbenjamin,VERI,FIXE,NullPointerException at org.netbeans.modules.refactoring.java.ui.EncapsulateFieldUI.create,2012/5/20,,0,0,0,0,0,0,0,,,,,,,,,,
https://bz.apache.org/netbeans/show_bug.cgi?id=210904,210904,P3,java,Refactor,ralphbenjamin,RESO,FIXE,"Refactoring failed with ""Cannot call finish twice"" exception",2012/5/14,,0,0,1,1,0,0,0,,,,,,,,,,
https://bz.apache.org/netbeans/show_bug.cgi?id=211544,211544,P2,java,Refactor,ralphbenjamin,RESO,FIXE,ClassCastException: javax.swing.JLabel cannot be cast to org.netbeans.modules.refactoring.java.Pair,2012/4/24,,0,0,0,0,0,0,0,,,,,,,,,,
https://bz.apache.org/netbeans/show_bug.cgi?id=205996,205996,P3,java,Refactor,jbecicka,RESO,FIXE,API Change in EncapsulateFieldRefactoring,2012/4/20,,0,0,0,0,0,0,0,,,,,,,,,,
https://bz.apache.org/netbeans/show_bug.cgi?id=205477,205477,P3,java,Refactor,ralphbenjamin,RESO,FIXE,[Encapsulate Fields] Selecting part of a field open the refactoring for the wrong class,2012/4/12,,0,1,1,0,1,0,1,Encapsulate Fields,,,,behavior change,wrong target,,,,
https://bz.apache.org/netbeans/show_bug.cgi?id=210915,210915,P3,java,Refactor,ralphbenjamin,RESO,FIXE,Refactoring Pull Up Leaves Single Comment in Sub Class,2012/4/12,,0,1,1,0,1,0,1,pull up class,,,,comment related,comment related,,,,
https://bz.apache.org/netbeans/show_bug.cgi?id=210867,210867,P3,java,Refactor,jbecicka,RESO,FIXE,NullPointerException at org.netbeans.modules.refactoring.java.plugins.ExtractSuperclassRefactoringPlugin$CreateSuperclassElement.run,2012/4/12,,0,1,1,0,1,0,1,Create SuperClass and methods,,,,exception,NPE,,,,
https://bz.apache.org/netbeans/show_bug.cgi?id=210746,210746,P2,java,Refactor,ralphbenjamin,VERI,FIXE,Refactoring not working in CSS,2012/4/10,,0,0,0,0,0,0,0,,,,,,,,,,
https://bz.apache.org/netbeans/show_bug.cgi?id=210710,210710,P3,java,Refactor,jbecicka,VERI,FIXE,Disabled field in Refactor|Rename for package,2012/4/10,,0,0,0,0,0,0,0,,,,,,,,,,
https://bz.apache.org/netbeans/show_bug.cgi?id=208398,208398,P3,java,Refactor,jbecicka,RESO,FIXE,Refactoring tries to access document locked by editor guards,2012/4/5,,0,0,0,0,0,0,0,,,,,,,,,,
https://bz.apache.org/netbeans/show_bug.cgi?id=209566,209566,P3,java,Refactor,ralphbenjamin,RESO,FIXE,NullPointerException at org.netbeans.modules.refactoring.java.ui.WhereUsedPanel$2.run,2012/4/5,,0,0,0,0,0,0,0,,,,,,,,,,
https://bz.apache.org/netbeans/show_bug.cgi?id=206397,206397,P3,java,Refactor,jbecicka,RESO,FIXE,[71cat] NullPointerException at org.netbeans.modules.refactoring.java.ui.tree.FolderTreeElement.getText,2012/4/5,,0,0,0,0,0,0,0,,,,,,,,,,
https://bz.apache.org/netbeans/show_bug.cgi?id=209853,209853,P3,java,Refactor,ralphbenjamin,RESO,FIXE,NullPointerException at org.netbeans.modules.refactoring.java.ui.IntroduceLocalExtensionPanel.getRootFolder,2012/4/5,,0,0,0,0,0,0,0,,,,,,,,,,
https://bz.apache.org/netbeans/show_bug.cgi?id=208240,208240,P3,java,Refactor,jbecicka,RESO,FIXE,"API Review: ReplaceConstructorWithFactoryRefactoring, ReplaceConstructorWithBuilderRefactoring and InvertBooleanRefactoring",2012/4/2,,0,0,0,0,0,0,0,,,,,,,,,,
https://bz.apache.org/netbeans/show_bug.cgi?id=165017,165017,P2,java,Refactor,ralphbenjamin,RESO,FIXE,Cover java refactoring code with tests,2012/3/21,,0,0,0,0,0,0,0,,,,,,,,,,
https://bz.apache.org/netbeans/show_bug.cgi?id=209522,209522,P2,java,Refactor,ralphbenjamin,VERI,FIXE,[72cat] NullPointerException at org.netbeans.modules.refactoring.java.ui.CopyClassRefactoringUI$1.run,2012/3/17,,0,0,0,0,0,0,0,,,,,,,,,,
https://bz.apache.org/netbeans/show_bug.cgi?id=209620,209620,P3,java,Refactor,ralphbenjamin,RESO,FIXE,[Move Members] NullPointerException at org.netbeans.modules.refactoring.java.plugins.MoveMembersRefactoringPlugin.getRelevantFiles,2012/3/17,,0,0,0,0,0,0,0,,,,,,,,,,
https://bz.apache.org/netbeans/show_bug.cgi?id=209579,209579,P3,java,Refactor,ralphbenjamin,RESO,FIXE,NullPointerException at org.netbeans.modules.refactoring.java.plugins.InlineRefactoringPlugin.preCheck,2012/3/17,,0,0,0,0,0,0,0,,,,,,,,,,
https://bz.apache.org/netbeans/show_bug.cgi?id=208741,208741,P3,java,Refactor,ralphbenjamin,RESO,FIXE,NullPointerException at org.netbeans.modules.refactoring.java.plugins.InlineMethodTransformer.visitMethodInvocation,2012/3/15,,,,,0,,,,,,,,,,,,,
https://bz.apache.org/netbeans/show_bug.cgi?id=209034,209034,P3,java,Refactor,ralphbenjamin,RESO,FIXE,NullPointerException at org.netbeans.modules.refactoring.java.ui.RenamePanel.initialize,2012/3/10,,,,,0,,,,,,,,,,,,,
https://bz.apache.org/netbeans/show_bug.cgi?id=208549,208549,P3,java,Refactor,jbecicka,RESO,FIXE,NullPointerException at org.netbeans.modules.refactoring.java.ui.EncapsulateFieldUI.create,2012/2/24,,,,,0,,,,,,,,,,,,,
https://bz.apache.org/netbeans/show_bug.cgi?id=208526,208526,P3,java,Refactor,jbecicka,RESO,FIXE,AssertionError at org.netbeans.modules.refactoring.java.ui.RenameRefactoringUI.create,2012/2/24,,,,,0,,,,,,,,,,,,,
https://bz.apache.org/netbeans/show_bug.cgi?id=208599,208599,P3,java,Refactor,jbecicka,RESO,FIXE,"When I change file name in ""Projects"" tab (by pressing F2), the new name isn't propagated to ""new name"" field in refactor window.",2012/2/23,,,,,0,,,,,,,,,,,,,
https://bz.apache.org/netbeans/show_bug.cgi?id=208473,208473,P3,java,Refactor,ralphbenjamin,RESO,FIXE,Refactoring (copy class between projects w refactoring) doesn't list packages of target project,2012/2/22,,,,,0,,,,,,,,,,,,,
https://bz.apache.org/netbeans/show_bug.cgi?id=208481,208481,P3,java,Refactor,jbecicka,RESO,FIXE,NullPointerException at org.netbeans.modules.refactoring.java.ui.RenameRefactoringUI.getPanel,2012/2/18,,,,,0,,,,,,,,,,,,,
https://bz.apache.org/netbeans/show_bug.cgi?id=205696,205696,P2,java,Refactor,ralphbenjamin,RESO,FIXE,API Review for Move Members Refactoring,2012/2/17,,,,,0,,,,,,,,,,,,,
https://bz.apache.org/netbeans/show_bug.cgi?id=208164,208164,P2,java,Refactor,ralphbenjamin,RESO,FIXE,API for Introduce Local Extension Refactoring,2012/2/17,,,,,0,,,,,,,,,,,,,
https://bz.apache.org/netbeans/show_bug.cgi?id=208126,208126,P3,java,Refactor,ralphbenjamin,RESO,FIXE,Introduce Local Extension Refactoring,2012/2/17,,,,,0,,,,,,,,,,,,,
https://bz.apache.org/netbeans/show_bug.cgi?id=206431,206431,P3,java,Refactor,jbecicka,RESO,FIXE,NullPointerException: #120577: Cannot resolve ElementHandle[kind=CLASS; sigs=org.netbeans.modules.refactoring.java.ui.MoveClassesUI$MovePanel ]; file: /home/ralph/work/jet-main/refactoring.java/src/or,2012/2/16,,,,,0,,,,,,,,,,,,,
https://bz.apache.org/netbeans/show_bug.cgi?id=208022,208022,P2,java,Refactor,ralphbenjamin,VERI,FIXE,Refactoring Change Method Parameters - adding varargs doesn't work correctly,2012/2/16,,,,,0,,,,,,,,,,,,,
https://bz.apache.org/netbeans/show_bug.cgi?id=208391,208391,P3,java,Refactor,jbecicka,RESO,FIXE,NullPointerException at org.netbeans.modules.refactoring.java.ui.MoveClassUI.create,2012/2/14,,,,,0,,,,,,,,,,,,,
https://bz.apache.org/netbeans/show_bug.cgi?id=202030,202030,P3,java,Refactor,jbecicka,RESO,FIXE,NullPointerException at org.netbeans.modules.refactoring.java.plugins.UseSuperTypeRefactoringPlugin$ReferencesVisitor.visitTypeCast,2012/2/14,,,,,0,,,,,,,,,,,,,
https://bz.apache.org/netbeans/show_bug.cgi?id=204839,204839,P3,java,Refactor,jbecicka,RESO,FIXE,"Empty unclosable ""Refactoring..."" window",2012/2/10,,,,,0,,,,,,,,,,,,,
https://bz.apache.org/netbeans/show_bug.cgi?id=183077,183077,P3,java,Refactor,ralphbenjamin,RESO,FIXE,A useful refactor: move fields and methods to another class,2012/2/8,,,,,0,,,,,,,,,,,,,
https://bz.apache.org/netbeans/show_bug.cgi?id=180227,180227,P3,java,Refactor,ralphbenjamin,RESO,FIXE,if i copy and paste a directory containing java files -- they are refactored,2012/1/3,,,,,0,,,,,,,,,,,,,
https://bz.apache.org/netbeans/show_bug.cgi?id=202675,202675,P2,java,Refactor,jbecicka,VERI,FIXE,"""Rename"" refactoring doesn't update imports",2011/12/12,,,,,0,,,,,,,,,,,,,
https://bz.apache.org/netbeans/show_bug.cgi?id=205176,205176,P3,java,Refactor,jbecicka,RESO,FIXE,java.lang.NullPointerException at org.netbeans.modules.refactoring.java.ui.WhereUsedPanel$2$1.run(WhereUsedPanel.java:306),2011/11/17,,,,,0,,,,,,,,,,,,,
https://bz.apache.org/netbeans/show_bug.cgi?id=204836,204836,P3,java,Refactor,ralphbenjamin,RESO,FIXE,NullPointerException at org.netbeans.modules.refactoring.java.plugins.SafeDeleteRefactoringPlugin.prepare,2011/11/10,,,,,0,,,,,,,,,,,,,
https://bz.apache.org/netbeans/show_bug.cgi?id=202579,202579,P4,java,Refactor,jbecicka,RESO,FIXE,Copy Refactoring forbidden on r/o file,2011/11/4,,,,,0,,,,,,,,,,,,,
https://bz.apache.org/netbeans/show_bug.cgi?id=204679,204679,P3,java,Refactor,jbecicka,RESO,FIXE,Refactore: Inspect and Tranform: Inspect Current Package doesnÂ´t work,2011/11/4,,,,,0,,,,,,,,,,,,,
https://bz.apache.org/netbeans/show_bug.cgi?id=204336,204336,P3,java,Refactor,ralphbenjamin,RESO,FIXE,[71cat] NullPointerException at org.netbeans.modules.refactoring.java.plugins.JavaWhereUsedQueryPlugin$1.run,2011/11/3,,,,,0,,,,,,,,,,,,,
https://bz.apache.org/netbeans/show_bug.cgi?id=168923,168923,P4,java,Refactor,ralphbenjamin,RESO,FIXE,[Move] refactoring a package doesn't update star imports [68cat],2011/10/25,,,,,0,,,,,,,,,,,,,
https://bz.apache.org/netbeans/show_bug.cgi?id=203887,203887,P3,java,Refactor,ralphbenjamin,RESO,FIXE,[inline] Refactoring produces invalid code,2011/10/19,,,,,0,,,,,,,,,,,,,
https://bz.apache.org/netbeans/show_bug.cgi?id=203520,203520,P3,java,Refactor,ralphbenjamin,RESO,FIXE,NullPointerException at org.netbeans.modules.refactoring.java.plugins.OperatorPrecedence.needsParentheses,2011/10/14,,,,,0,,,,,,,,,,,,,
https://bz.apache.org/netbeans/show_bug.cgi?id=203337,203337,P3,java,Refactor,jbecicka,RESO,FIXE,NullPointerException at org.netbeans.modules.refactoring.java.plugins.RenameTransformer.renameUsageIfMatch,2011/10/11,,,,,0,,,,,,,,,,,,,
https://bz.apache.org/netbeans/show_bug.cgi?id=202412,202412,P3,java,Refactor,ralphbenjamin,RESO,FIXE,NullPointerException at org.netbeans.modules.refactoring.java.RetoucheUtils.getFileObject,2011/9/22,,,,,0,,,,,,,,,,,,,
https://bz.apache.org/netbeans/show_bug.cgi?id=202251,202251,P2,java,Refactor,ralphbenjamin,RESO,FIXE,Refactoring code might lead to uncompilable code,2011/9/21,,,,,0,,,,,,,,,,,,,
https://bz.apache.org/netbeans/show_bug.cgi?id=202081,202081,P3,java,Refactor,jbecicka,RESO,FIXE,[71cat] NullPointerException at org.netbeans.modules.refactoring.java.ui.RefactoringActionsProvider$TextComponentTask.run,2011/9/17,,,,,0,,,,,,,,,,,,,
https://bz.apache.org/netbeans/show_bug.cgi?id=202158,202158,P2,java,Refactor,ralphbenjamin,RESO,FIXE,[71cat] NullPointerException at org.netbeans.modules.refactoring.java.ui.ChangeParametersUI.create,2011/9/17,,,,,0,,,,,,,,,,,,,
https://bz.apache.org/netbeans/show_bug.cgi?id=128674,128674,P4,java,Refactor,ralphbenjamin,RESO,FIXE,[Use Supertype] refactoring can produce duplicate method declaration,2011/9/14,,,,,0,,,,,,,,,,,,,
https://bz.apache.org/netbeans/show_bug.cgi?id=128676,128676,P3,java,Refactor,ralphbenjamin,RESO,FIXE,[Use Supertype] Refactoring does not respect bound generic type,2011/9/9,,,,,0,,,,,,,,,,,,,
https://bz.apache.org/netbeans/show_bug.cgi?id=131406,131406,P3,java,Refactor,ralphbenjamin,RESO,FIXE,[Use Supertype] Refactoring does not check method return type,2011/9/8,,,,,0,,,,,,,,,,,,,
https://bz.apache.org/netbeans/show_bug.cgi?id=185959,185959,P3,java,Refactor,ralphbenjamin,RESO,FIXE,[Move] No warning on move-refactoring a package-private class with references [69cat],2011/9/8,,,,,0,,,,,,,,,,,,,
https://bz.apache.org/netbeans/show_bug.cgi?id=201399,201399,P3,java,Refactor,ralphbenjamin,RESO,FIXE,API Review for IntroduceParameterRefactoring,2011/9/7,,,,,0,,,,,,,,,,,,,
https://bz.apache.org/netbeans/show_bug.cgi?id=183540,183540,P3,java,Refactor,jbecicka,RESO,FIXE,"[69cat] ""Rename refactoring cannot be applied"" message not clear",2011/9/6,,,,,0,,,,,,,,,,,,,
https://bz.apache.org/netbeans/show_bug.cgi?id=195070,195070,P3,java,Refactor,ralphbenjamin,RESO,FIXE,refactor/rename works wrong with override,2011/9/1,,,,,0,,,,,,,,,,,,,
https://bz.apache.org/netbeans/show_bug.cgi?id=176217,176217,P3,java,Refactor,ralphbenjamin,RESO,FIXE,Introduce Parameter Refactoring,2011/9/1,,,,,0,,,,,,,,,,,,,
https://bz.apache.org/netbeans/show_bug.cgi?id=197193,197193,P3,java,Refactor,jbecicka,RESO,FIXE,Custom Refactorings - DSL for declarative custom refactorings,2011/8/31,,,,,0,,,,,,,,,,,,,
https://bz.apache.org/netbeans/show_bug.cgi?id=177996,177996,P4,java,Refactor,ralphbenjamin,RESO,FIXE,[Inner to outer] Refactoring does not support creating new inner class,2011/8/5,,,,,0,,,,,,,,,,,,,
https://bz.apache.org/netbeans/show_bug.cgi?id=200329,200329,P3,java,Refactor,jbecicka,RESO,FIXE,[70cat] NullPointerException at org.netbeans.modules.refactoring.java.RetoucheUtils.isJavaFile,2011/7/26,,,,,0,,,,,,,,,,,,,
https://bz.apache.org/netbeans/show_bug.cgi?id=200232,200232,P3,java,Refactor,ralphbenjamin,RESO,FIXE,API Change in ChangeParametersRefactoring,2011/7/25,,,,,0,,,,,,,,,,,,,
https://bz.apache.org/netbeans/show_bug.cgi?id=200089,200089,P3,java,Refactor,ralphbenjamin,RESO,FIXE,NullPointerException at org.netbeans.modules.refactoring.java.plugins.ChangeParamsTransformer.generateJavadoc,2011/7/19,,,,,0,,,,,,,,,,,,,
https://bz.apache.org/netbeans/show_bug.cgi?id=200142,200142,P3,java,Refactor,ralphbenjamin,RESO,FIXE,NullPointerException at org.netbeans.modules.refactoring.java.plugins.InlineRefactoringPlugin$InlineMethodVisitor.hasQualIdentProblem,2011/7/19,,,,,0,,,,,,,,,,,,,
https://bz.apache.org/netbeans/show_bug.cgi?id=199965,199965,P3,java,Refactor,jbecicka,RESO,FIXE,[70cat] AssertionError at org.netbeans.modules.refactoring.java.RetoucheUtils.invokeAfterScanFinished,2011/7/15,,,,,0,,,,,,,,,,,,,
https://bz.apache.org/netbeans/show_bug.cgi?id=199388,199388,P3,java,Refactor,jbecicka,RESO,FIXE,Null Pointer during refactoring,2011/6/15,,,,,0,,,,,,,,,,,,,
https://bz.apache.org/netbeans/show_bug.cgi?id=198965,198965,P3,java,Refactor,jbecicka,RESO,FIXE,NullPointerException at org.netbeans.modules.refactoring.java.RetoucheUtils.getElementKind,2011/6/1,,,,,0,,,,,,,,,,,,,
https://bz.apache.org/netbeans/show_bug.cgi?id=57545,57545,P2,java,Refactor,ralphbenjamin,RESO,FIXE,Inline Method/Variable Refactoring,2011/5/26,,,,,0,,,,,,,,,,,,,
https://bz.apache.org/netbeans/show_bug.cgi?id=198821,198821,P3,java,Refactor,ralphbenjamin,RESO,FIXE,NullPointerException at org.netbeans.modules.refactoring.java.plugins.InlineRefactoringPlugin.preCheck,2011/5/25,,,,,0,,,,,,,,,,,,,
https://bz.apache.org/netbeans/show_bug.cgi?id=198820,198820,P3,java,Refactor,ralphbenjamin,RESO,FIXE,NullPointerException at org.netbeans.modules.refactoring.java.plugins.InlineAbstractTransformer.replaceExpression,2011/5/24,,,,,0,,,,,,,,,,,,,
https://bz.apache.org/netbeans/show_bug.cgi?id=179333,179333,P4,java,Refactor,ralphbenjamin,RESO,FIXE,Cannot copy package-info.java using Refactor > Copy,2011/5/11,,,,,0,,,,,,,,,,,,,
https://bz.apache.org/netbeans/show_bug.cgi?id=196922,196922,P3,java,Refactor,jbecicka,VERI,FIXE,Refactor Push Down modifier of private elements don't change to protected,2011/4/19,,,,,0,,,,,,,,,,,,,
https://bz.apache.org/netbeans/show_bug.cgi?id=196955,196955,P3,java,Refactor,jbecicka,VERI,FIXE,"Refactor Move Inner to Outer Level, two level up",2011/4/14,,,,,0,,,,,,,,,,,,,
https://bz.apache.org/netbeans/show_bug.cgi?id=197434,197434,P3,java,Refactor,jbecicka,VERI,FIXE,"Refactor Change Method Parameters, Access Modifier combobox is NOT disabled for interfaces",2011/4/14,,,,,0,,,,,,,,,,,,,
https://bz.apache.org/netbeans/show_bug.cgi?id=196685,196685,P3,java,Refactor,jbecicka,VERI,FIXE,Refactor Safely Delete does not work properly,2011/3/28,,,,,0,,,,,,,,,,,,,
https://bz.apache.org/netbeans/show_bug.cgi?id=196442,196442,P3,java,Refactor,jbecicka,VERI,FIXE,Wrong name of refactor rename dialog,2011/3/28,,,,,0,,,,,,,,,,,,,
https://bz.apache.org/netbeans/show_bug.cgi?id=196783,196783,P3,java,Refactor,jbecicka,VERI,FIXE,"Refactor Push Down method from one interface to another, makes of the second one abstract class",2011/3/28,,,,,0,,,,,,,,,,,,,
https://bz.apache.org/netbeans/show_bug.cgi?id=196912,196912,P3,java,Refactor,jbecicka,VERI,FIXE,Refactor Pull Up modifier of private elements don't change to protected,2011/3/28,,,,,0,,,,,,,,,,,,,
https://bz.apache.org/netbeans/show_bug.cgi?id=196915,196915,P3,java,Refactor,jbecicka,VERI,FIXE,Refactor Pull Up refresh button persistence,2011/3/28,,,,,0,,,,,,,,,,,,,
https://bz.apache.org/netbeans/show_bug.cgi?id=145729,145729,P3,java,Refactor,jbecicka,RESO,FIXE,"Refactoring doesn't support ""Introduce Variable"" on an expression that doesn't use the return value (a statement)",2011/3/28,,,,,0,,,,,,,,,,,,,
https://bz.apache.org/netbeans/show_bug.cgi?id=196923,196923,P3,java,Refactor,jbecicka,VERI,FIXE,Refactor Push Down refresh persistence,2011/3/28,,,,,0,,,,,,,,,,,,,
https://bz.apache.org/netbeans/show_bug.cgi?id=196950,196950,P3,java,Refactor,jbecicka,VERI,FIXE,"Refactor Move Inner to Outer Level, refresh persistence",2011/3/28,,,,,0,,,,,,,,,,,,,
https://bz.apache.org/netbeans/show_bug.cgi?id=196687,196687,P4,java,Refactor,jbecicka,VERI,FIXE,Refactor Safely Delete does not work properly (name of constructor doesn't show up),2011/3/28,,,,,0,,,,,,,,,,,,,
https://bz.apache.org/netbeans/show_bug.cgi?id=196802,196802,P3,java,Refactor,jbecicka,VERI,FIXE,"Refactor Move Inner to Outer Level, incorrect reference after refactoring",2011/3/21,,,,,0,,,,,,,,,,,,,
https://bz.apache.org/netbeans/show_bug.cgi?id=195947,195947,P3,java,Refactor,jbecicka,VERI,FIXE,"Some unexpected error occurred during ""Refactor -> Move Inner to Outer Level...""",2011/3/17,,,,,0,,,,,,,,,,,,,
https://bz.apache.org/netbeans/show_bug.cgi?id=196050,196050,P3,java,Refactor,jbecicka,RESO,FIXE,Refactoring Encapsulate Fields ignores changes of function names,2011/3/1,,,,,0,,,,,,,,,,,,,
https://bz.apache.org/netbeans/show_bug.cgi?id=196037,196037,P2,java,Refactor,jbecicka,RESO,FIXE,"""Encapsulate fields"" Refactoring deletes javadoc comments.",2011/2/28,,,,,0,,,,,,,,,,,,,
https://bz.apache.org/netbeans/show_bug.cgi?id=195573,195573,P3,java,Refactor,jbecicka,RESO,FIXE,Duplicate comments after push-down / pull-up refactoring,2011/2/18,,,,,0,,,,,,,,,,,,,
https://bz.apache.org/netbeans/show_bug.cgi?id=194429,194429,P3,java,Refactor,jbecicka,RESO,FIXE,NullPointerException at org.netbeans.modules.refactoring.java.ui.RenameRefactoringUI.getPanel,2011/1/27,,,,,0,,,,,,,,,,,,,
https://bz.apache.org/netbeans/show_bug.cgi?id=192955,192955,P3,java,Refactor,jbecicka,RESO,FIXE,[70cat] NullPointerException at org.netbeans.modules.refactoring.java.plugins.InnerToOuterTransformer.isThisReferenceToInner,2011/1/27,,,,,0,,,,,,,,,,,,,
https://bz.apache.org/netbeans/show_bug.cgi?id=127338,127338,P3,java,Refactor,jbecicka,RESO,FIXE,Direct refactoring should update parameter name in documentation.,2011/1/17,,,,,0,,,,,,,,,,,,,
https://bz.apache.org/netbeans/show_bug.cgi?id=194346,194346,P3,java,Refactor,jbecicka,RESO,FIXE,[70cat] NullPointerException at org.netbeans.modules.refactoring.java.plugins.InnerToOuterTransformer.visitClass,2011/1/16,,,,,0,,,,,,,,,,,,,
https://bz.apache.org/netbeans/show_bug.cgi?id=159695,159695,P3,java,Refactor,jbecicka,RESO,FIXE,parameter name refactoring does not update javadoc param tag,2011/1/14,,,,,0,,,,,,,,,,,,,
https://bz.apache.org/netbeans/show_bug.cgi?id=103004,103004,P3,java,Refactor,jbecicka,RESO,FIXE,Preview for 'create class' refactoring element,2011/1/13,,,,,0,,,,,,,,,,,,,
https://bz.apache.org/netbeans/show_bug.cgi?id=193344,193344,P3,java,Refactor,jbecicka,RESO,FIXE,Refactor -> copy class should probable retain name,2011/1/13,,,,,0,,,,,,,,,,,,,
https://bz.apache.org/netbeans/show_bug.cgi?id=193494,193494,P3,java,Refactor,jbecicka,VERI,FIXE,[70cat] NullPointerException at org.netbeans.modules.refactoring.java.ui.JavaRefactoringActionsProvider$16.createRefactoringUI,2011/1/12,,,,,0,,,,,,,,,,,,,
https://bz.apache.org/netbeans/show_bug.cgi?id=193965,193965,P3,java,Refactor,jbecicka,RESO,FIXE,NullPointerException at org.netbeans.modules.refactoring.java.plugins.InnerToOuterTransformer.visitMemberSelect,2011/1/6,,,,,0,,,,,,,,,,,,,
https://bz.apache.org/netbeans/show_bug.cgi?id=153958,153958,P3,java,Refactor,jbecicka,RESO,FIXE,Canceled refactor preview continues working in background,2010/12/20,,,,,0,,,,,,,,,,,,,
https://bz.apache.org/netbeans/show_bug.cgi?id=193087,193087,P3,java,Refactor,jbecicka,RESO,FIXE,Refactor->extract interface adds @Override,2010/12/10,,,,,0,,,,,,,,,,,,,
https://bz.apache.org/netbeans/show_bug.cgi?id=128694,128694,P4,java,Refactor,jbecicka,RESO,FIXE,[Extract Superclass] No error message that refactoring cannot be called for enum,2010/12/5,,,,,0,,,,,,,,,,,,,
https://bz.apache.org/netbeans/show_bug.cgi?id=185132,185132,P3,java,Refactor,jbecicka,RESO,FIXE,[Move Inner to Outer] ClassCastException during Refactoring [69cat],2010/11/24,,,,,0,,,,,,,,,,,,,
https://bz.apache.org/netbeans/show_bug.cgi?id=191851,191851,P3,java,Refactor,jbecicka,RESO,FIXE,DnD does not invoke Move refactoring if invoked on folders,2010/11/14,,,,,0,,,,,,,,,,,,,
https://bz.apache.org/netbeans/show_bug.cgi?id=182610,182610,P3,java,Refactor,jbecicka,VERI,FIXE,[Rename] Rename refactoring messes with javadoc (html tags) too much,2010/11/13,,,,,0,,,,,,,,,,,,,
https://bz.apache.org/netbeans/show_bug.cgi?id=191384,191384,P3,java,Refactor,jbecicka,RESO,FIXE,"""The Move refactoring cannot be applied in this context"" when trying to move a whole folder",2010/11/5,,,,,0,,,,,,,,,,,,,
https://bz.apache.org/netbeans/show_bug.cgi?id=143304,143304,P4,java,Refactor,jbecicka,RESO,FIXE,NullPointerException at org.netbeans.modules.refactoring.java.RetoucheUtils.getClassPathRoot,2010/10/18,,,,,0,,,,,,,,,,,,,
https://bz.apache.org/netbeans/show_bug.cgi?id=174553,174553,P3,java,Refactor,jbecicka,RESO,FIXE,Refactoring should be disabled on all elements declared within read-only blocks,2010/10/16,,,,,0,,,,,,,,,,,,,
https://bz.apache.org/netbeans/show_bug.cgi?id=150461,150461,P3,java,Refactor,jbecicka,RESO,FIXE,[65cat] [j2me] NullPointerException at org.netbeans.modules.refactoring.java.ui.RefactoringActionsProvider$11.createRefactoringUI,2010/10/15,,,,,0,,,,,,,,,,,,,
https://bz.apache.org/netbeans/show_bug.cgi?id=177707,177707,P3,java,Refactor,jjancura,RESO,FIXE,NullPointerException at org.netbeans.modules.refactoring.java.plugins.MoveRefactoringPlugin.getTargetPackageName,2010/10/11,,,,,0,,,,,,,,,,,,,
https://bz.apache.org/netbeans/show_bug.cgi?id=179157,179157,P3,java,Refactor,jbecicka,RESO,FIXE,AWT thread blocked by IO (SafeDeleteUI.doRefactoringBypass),2010/10/11,,,,,0,,,,,,,,,,,,,
https://bz.apache.org/netbeans/show_bug.cgi?id=147842,147842,P3,java,Refactor,jbecicka,RESO,FIXE,[65cat] Refactor Delete Refactoring Preview window shows inproper messege in root node,2010/10/7,,,,,0,,,,,,,,,,,,,
https://bz.apache.org/netbeans/show_bug.cgi?id=165991,165991,P3,java,Refactor,jbecicka,RESO,FIXE,[67cat] Refactor -> Rename disabled,2010/10/6,,,,,0,,,,,,,,,,,,,
https://bz.apache.org/netbeans/show_bug.cgi?id=183890,183890,P3,java,Refactor,jbecicka,RESO,FIXE,[69cat] NullPointerException at org.netbeans.modules.refactoring.java.RetoucheUtils.getOverridingMethods,2010/10/1,,,,,0,,,,,,,,,,,,,
https://bz.apache.org/netbeans/show_bug.cgi?id=190101,190101,P3,java,Refactor,issues,RESO,FIXE,NullPointerException at org.netbeans.modules.refactoring.java.RetoucheUtils.findEnclosingClass,2010/9/14,,,,,0,,,,,,,,,,,,,
https://bz.apache.org/netbeans/show_bug.cgi?id=187957,187957,P3,java,Refactor,jjancura,RESO,FIXE,Refactor Rename to Enum which has method-implements is faild,2010/8/6,,,,,0,,,,,,,,,,,,,
https://bz.apache.org/netbeans/show_bug.cgi?id=187435,187435,P3,java,Refactor,jjancura,RESO,FIXE,[69cat] Refactorings leave references in {@link } tags unchanged,2010/8/6,,,,,0,,,,,,,,,,,,,
https://bz.apache.org/netbeans/show_bug.cgi?id=187958,187958,P3,java,Refactor,jjancura,RESO,FIXE,Refactor Rename target is incorrect in Enum,2010/6/30,,,,,0,,,,,,,,,,,,,
https://bz.apache.org/netbeans/show_bug.cgi?id=181176,181176,P2,java,Refactor,tzezula,RESO,FIXE,deadlock when refactoring package name,2010/4/2,,,,,0,,,,,,,,,,,,,
https://bz.apache.org/netbeans/show_bug.cgi?id=169480,169480,P3,java,Refactor,jpokorsky,RESO,FIXE,3531 ms - JavaRefactoring isEnabled() check too slow,2009/11/11,,,,,0,,,,,,,,,,,,,
https://bz.apache.org/netbeans/show_bug.cgi?id=167555,167555,P3,java,Refactor,jpokorsky,RESO,FIXE,push-down refactoring discards javadoc,2009/11/10,,,,,0,,,,,,,,,,,,,
https://bz.apache.org/netbeans/show_bug.cgi?id=170664,170664,P2,java,Refactor,jpokorsky,RESO,FIXE,Need a way to detect that a refactoring is in progress,2009/11/10,,,,,0,,,,,,,,,,,,,
https://bz.apache.org/netbeans/show_bug.cgi?id=168775,168775,P3,java,Refactor,jpokorsky,RESO,FIXE,Refactoring constructor signature causes chaos in anonymous subclasses,2009/11/9,,,,,0,,,,,,,,,,,,,
https://bz.apache.org/netbeans/show_bug.cgi?id=169258,169258,P3,java,Refactor,jpokorsky,RESO,FIXE,NullPointerException at org.netbeans.modules.refactoring.java.plugins.PullUpTransformer.visitClass,2009/11/9,,,,,0,,,,,,,,,,,,,
https://bz.apache.org/netbeans/show_bug.cgi?id=152014,152014,P3,java,Refactor,jpokorsky,RESO,FIXE,[Change parameters] Disable changing access modifier when refactoring method implementing interface,2009/11/9,,,,,0,,,,,,,,,,,,,
https://bz.apache.org/netbeans/show_bug.cgi?id=170543,170543,P3,java,Refactor,jpokorsky,RESO,FIXE,[Change parameters] Refactoring removes abstract keyword,2009/11/6,,,,,0,,,,,,,,,,,,,
https://bz.apache.org/netbeans/show_bug.cgi?id=175810,175810,P3,java,Refactor,jpokorsky,RESO,FIXE,NullPointerException at org.netbeans.modules.refactoring.java.plugins.MoveRefactoringPlugin.initPackages,2009/11/6,,,,,0,,,,,,,,,,,,,
https://bz.apache.org/netbeans/show_bug.cgi?id=175931,175931,P3,java,Refactor,jpokorsky,RESO,FIXE,[68cat] NullPointerException at org.netbeans.modules.refactoring.java.plugins.RetoucheCommit.openNewFiles,2009/11/6,,,,,0,,,,,,,,,,,,,
https://bz.apache.org/netbeans/show_bug.cgi?id=88078,88078,P2,java,Refactor,jpokorsky,VERI,FIXE,Rename refactoring cannot find all usages,2009/10/20,,,,,0,,,,,,,,,,,,,
https://bz.apache.org/netbeans/show_bug.cgi?id=173959,173959,P2,java,Refactor,jpokorsky,RESO,FIXE,Rename refactoring allows to rename a class to an existing one,2009/10/14,,,,,0,,,,,,,,,,,,,
https://bz.apache.org/netbeans/show_bug.cgi?id=166308,166308,P3,java,Refactor,dstrupl,RESO,FIXE,Copy > Past > Refactor Copy does not work,2009/9/22,,,,,0,,,,,,,,,,,,,
https://bz.apache.org/netbeans/show_bug.cgi?id=172174,172174,P3,java,Refactor,jpokorsky,RESO,FIXE,NullPointerException at org.netbeans.modules.refactoring.spi.impl.RefactoringPanelContainer.closeAllButCurrent,2009/9/18,,,,,0,,,,,,,,,,,,,
https://bz.apache.org/netbeans/show_bug.cgi?id=165778,165778,P3,java,Refactor,jpokorsky,RESO,FIXE,mistake in the refactored package name,2009/9/18,,,,,0,,,,,,,,,,,,,
https://bz.apache.org/netbeans/show_bug.cgi?id=170335,170335,P3,java,Refactor,jpokorsky,VERI,FIXE,NullPointerException at org.netbeans.modules.refactoring.java.plugins.PushDownTransformer.visitClass,2009/9/17,,,,,0,,,,,,,,,,,,,
https://bz.apache.org/netbeans/show_bug.cgi?id=172086,172086,P3,java,Refactor,jpokorsky,RESO,FIXE,ClassCastException: javax.swing.plaf.synth.SynthTabbedPaneUI$SynthScrollableTabButton cannot be cast to org.netbeans.modules.refactoring.spi.impl.RefactoringPanel,2009/9/14,,,,,0,,,,,,,,,,,,,
https://bz.apache.org/netbeans/show_bug.cgi?id=171853,171853,P3,java,Refactor,jpokorsky,RESO,FIXE,Possible to refactor keyword if defined as method name,2009/9/13,,,,,0,,,,,,,,,,,,,
https://bz.apache.org/netbeans/show_bug.cgi?id=170446,170446,P3,java,Refactor,jpokorsky,RESO,FIXE,Module Java Refactoring threw java.lang.ArrayIndexOutOfBoundsException: -1,2009/8/17,,,,,0,,,,,,,,,,,,,
https://bz.apache.org/netbeans/show_bug.cgi?id=142871,142871,P3,java,Refactor,jpokorsky,VERI,FIXE,NullPointerException at org.netbeans.modules.refactoring.spi.impl.ParametersPanel$15.run,2009/6/22,,,,,0,,,,,,,,,,,,,
https://bz.apache.org/netbeans/show_bug.cgi?id=166391,166391,P3,java,Refactor,jpokorsky,RESO,FIXE,NullPointerException at org.netbeans.modules.refactoring.spi.impl.FindUsagesOpenAction.actionPerformed,2009/6/2,,,,,0,,,,,,,,,,,,,
https://bz.apache.org/netbeans/show_bug.cgi?id=153612,153612,P3,java,Refactor,jpokorsky,VERI,FIXE,Refactoring enabled in contextual menu,2009/5/25,,,,,0,,,,,,,,,,,,,
https://bz.apache.org/netbeans/show_bug.cgi?id=165732,165732,P3,java,Refactor,jpokorsky,RESO,FIXE,NullPointerException at org.netbeans.modules.refactoring.java.ui.RefactoringActionsProvider$8.createRefactoringUI,2009/5/23,,,,,0,,,,,,,,,,,,,
https://bz.apache.org/netbeans/show_bug.cgi?id=148337,148337,P3,java,Refactor,jpokorsky,RESO,FIXE,NullPointerException at org.netbeans.modules.refactoring.java.ui.MoveClassUI.getPackageName,2009/5/22,,,,,0,,,,,,,,,,,,,
https://bz.apache.org/netbeans/show_bug.cgi?id=162263,162263,P3,java,Refactor,jpokorsky,RESO,FIXE,NullPointerException at org.netbeans.modules.refactoring.java.plugins.MoveTransformer.visitMemberSelect,2009/5/21,,,,,0,,,,,,,,,,,,,
https://bz.apache.org/netbeans/show_bug.cgi?id=133914,133914,P3,java,Refactor,issues,RESO,FIXE,Performance of Find Usages and Refactoring (esp. Rename) should be improved,2009/5/11,,,,,0,,,,,,,,,,,,,
https://bz.apache.org/netbeans/show_bug.cgi?id=156401,156401,P3,java,Refactor,jpokorsky,RESO,FIXE,NullPointerException at org.netbeans.modules.refactoring.spi.impl.RefactoringPanel.refresh,2009/4/30,,,,,0,,,,,,,,,,,,,
https://bz.apache.org/netbeans/show_bug.cgi?id=126717,126717,P4,java,Refactor,msauer,RESO,FIXE,[Move] Refactoring not removing same package imports,2009/4/22,,,,,0,,,,,,,,,,,,,
https://bz.apache.org/netbeans/show_bug.cgi?id=161795,161795,P2,java,Refactor,jpokorsky,RESO,FIXE,[67cat] refactoring code (Encapsulate Fields) disbled,2009/4/16,,,,,0,,,,,,,,,,,,,
https://bz.apache.org/netbeans/show_bug.cgi?id=160387,160387,P3,java,Refactor,jpokorsky,RESO,FIXE,NullPointerException at org.netbeans.modules.refactoring.java.RetoucheUtils.getPackageName,2009/4/2,,,,,0,,,,,,,,,,,,,
https://bz.apache.org/netbeans/show_bug.cgi?id=159519,159519,P3,java,Refactor,jpokorsky,RESO,FIXE,Offending classloader: org.netbeans.StandardModule$OneModuleClassLoader@425f23[org.netbeans.modules.refactoring.java],2009/4/2,,,,,0,,,,,,,,,,,,,
https://bz.apache.org/netbeans/show_bug.cgi?id=134854,134854,P3,java,Refactor,jpokorsky,VERI,FIXE,NullPointerException at org.netbeans.modules.refactoring.java.plugins.MoveRefactoringPlugin.getTargetPackageName,2009/2/19,,,,,0,,,,,,,,,,,,,
https://bz.apache.org/netbeans/show_bug.cgi?id=153066,153066,P2,java,Refactor,jpokorsky,RESO,FIXE,Refactoring inner classes in class with inner enums corrupts source,2009/2/19,,,,,0,,,,,,,,,,,,,
https://bz.apache.org/netbeans/show_bug.cgi?id=151288,151288,P3,java,Refactor,jpokorsky,RESO,FIXE,NullPointerException at org.netbeans.modules.refactoring.java.CopyHandler$1.run,2009/2/19,,,,,0,,,,,,,,,,,,,
https://bz.apache.org/netbeans/show_bug.cgi?id=72894,72894,P3,java,Refactor,issues,VERI,FIXE,[Copy Class] Add the possibility to refactor-rename the copied class,2009/1/8,,,,,0,,,,,,,,,,,,,
https://bz.apache.org/netbeans/show_bug.cgi?id=117976,117976,P3,java,Refactor,issues,RESO,FIXE,Refactoring name on method parameter did not work.,2008/12/8,,,,,0,,,,,,,,,,,,,
https://bz.apache.org/netbeans/show_bug.cgi?id=131637,131637,P3,java,Refactor,jpokorsky,RESO,FIXE,NullPointerException at org.netbeans.modules.refactoring.java.plugins.ExtractSuperclassRefactoringPlugin$CreateSuperclassElement.addConstructors,2008/11/24,,,,,0,,,,,,,,,,,,,
https://bz.apache.org/netbeans/show_bug.cgi?id=129887,129887,P3,java,Refactor,dprusa,RESO,FIXE,NullPointerException at org.netbeans.modules.refactoring.java.RetoucheUtils.getClasspathInfoFor,2008/11/19,,,,,0,,,,,,,,,,,,,
https://bz.apache.org/netbeans/show_bug.cgi?id=53655,53655,P4,java,Refactor,jbecicka,RESO,FIXE,full refactoring not executed when moving files with same names,2008/11/10,,,,,0,,,,,,,,,,,,,
https://bz.apache.org/netbeans/show_bug.cgi?id=130015,130015,P2,java,Refactor,jbecicka,VERI,FIXE,Refactoring is not performed in dependent project,2008/10/20,,,,,0,,,,,,,,,,,,,
https://bz.apache.org/netbeans/show_bug.cgi?id=133388,133388,P3,java,Refactor,msauer,VERI,FIXE,Cannot change anything in refactoring preview by keyboard,2008/10/8,,,,,0,,,,,,,,,,,,,
https://bz.apache.org/netbeans/show_bug.cgi?id=145789,145789,P3,java,Refactor,jpokorsky,VERI,FIXE,NullPointerException at org.netbeans.modules.refactoring.spi.impl.ParametersPanel$8.run,2008/9/30,,,,,0,,,,,,,,,,,,,
https://bz.apache.org/netbeans/show_bug.cgi?id=143946,143946,P3,java,Refactor,issues,VERI,FIXE,NullPointerException at org.netbeans.modules.refactoring.java.RetoucheUtils.getFileObject,2008/9/12,,,,,0,,,,,,,,,,,,,
https://bz.apache.org/netbeans/show_bug.cgi?id=146912,146912,P3,java,Refactor,jpokorsky,RESO,FIXE,NullPointerException at org.netbeans.modules.refactoring.java.plugins.RenameRefactoringPlugin.variableClashes,2008/9/12,,,,,0,,,,,,,,,,,,,
https://bz.apache.org/netbeans/show_bug.cgi?id=146903,146903,P3,java,Refactor,jpokorsky,RESO,FIXE,NullPointerException at org.netbeans.modules.refactoring.java.plugins.LocalVarScanner.visitIdentifier,2008/9/12,,,,,0,,,,,,,,,,,,,
https://bz.apache.org/netbeans/show_bug.cgi?id=146764,146764,P3,java,Refactor,jpokorsky,RESO,FIXE,[65cat] NullPointerException at org.netbeans.modules.refactoring.java.RetoucheUtils.findEnclosingClass,2008/9/11,,,,,0,,,,,,,,,,,,,
https://bz.apache.org/netbeans/show_bug.cgi?id=146265,146265,P3,java,Refactor,jpokorsky,RESO,FIXE,NullPointerException at org.netbeans.modules.refactoring.java.callhierarchy.CallHierarchyModel.replaceRoot,2008/9/9,,,,,0,,,,,,,,,,,,,
https://bz.apache.org/netbeans/show_bug.cgi?id=145183,145183,P2,java,Refactor,jpokorsky,RESO,FIXE,[65cat] NullPointerException at org.netbeans.modules.refactoring.java.RetoucheUtils.isClasspathRoot,2008/8/28,,,,,0,,,,,,,,,,,,,
https://bz.apache.org/netbeans/show_bug.cgi?id=144208,144208,P3,java,Refactor,jpokorsky,RESO,FIXE,"[Inner to Outer] incorrect ""cannot refactor..."" error",2008/8/28,,,,,0,,,,,,,,,,,,,
https://bz.apache.org/netbeans/show_bug.cgi?id=143339,143339,P3,java,Refactor,jpokorsky,RESO,FIXE,[65cat] NullPointerException at org.netbeans.modules.refactoring.java.plugins.SafeDeleteRefactoringPlugin.containsHandle,2008/8/23,,,,,0,,,,,,,,,,,,,
https://bz.apache.org/netbeans/show_bug.cgi?id=139888,139888,P3,java,Refactor,jpokorsky,VERI,FIXE,Rename class refactoring causes static import error,2008/8/21,,,,,0,,,,,,,,,,,,,
https://bz.apache.org/netbeans/show_bug.cgi?id=124448,124448,P3,java,Refactor,issues,RESO,FIXE,AssertionError at org.netbeans.modules.refactoring.java.plugins.JavaWhereUsedQueryPlugin$FindTask.run,2008/8/18,,,,,0,,,,,,,,,,,,,
https://bz.apache.org/netbeans/show_bug.cgi?id=136085,136085,P3,java,Refactor,jbecicka,RESO,FIXE,Refactoring incorrectly bound to Web Pages folder hierarchy of a web application,2008/8/14,,,,,0,,,,,,,,,,,,,
https://bz.apache.org/netbeans/show_bug.cgi?id=138404,138404,P2,java,Refactor,jpokorsky,RESO,FIXE,Java refactoring have to access javac solely inside user action tasks,2008/8/11,,,,,0,,,,,,,,,,,,,
https://bz.apache.org/netbeans/show_bug.cgi?id=136045,136045,P3,java,Refactor,issues,RESO,FIXE,NullPointerException at org.netbeans.modules.refactoring.java.plugins.EncapsulateFieldRefactoringPlugin.findMethod,2008/8/8,,,,,0,,,,,,,,,,,,,
https://bz.apache.org/netbeans/show_bug.cgi?id=124137,124137,P3,java,Refactor,jbecicka,RESO,FIXE,Refactoring package names broke the code,2008/8/4,,,,,0,,,,,,,,,,,,,
https://bz.apache.org/netbeans/show_bug.cgi?id=136434,136434,P3,java,Refactor,jpokorsky,RESO,FIXE,refactoring fails to rename file if the rename is a simple case change,2008/8/2,,,,,0,,,,,,,,,,,,,
https://bz.apache.org/netbeans/show_bug.cgi?id=139458,139458,P2,java,Refactor,jpokorsky,VERI,FIXE,"[permui] ""Refactor"" menu differs from permanent ui spec",2008/7/30,,,,,0,,,,,,,,,,,,,
https://bz.apache.org/netbeans/show_bug.cgi?id=117615,117615,P3,java,Refactor,issues,VERI,FIXE,[60cat] i18n incoherence in java file rename/refactor's UI,2008/7/28,,,,,0,,,,,,,,,,,,,
https://bz.apache.org/netbeans/show_bug.cgi?id=140063,140063,P3,java,Refactor,jpokorsky,VERI,FIXE,NullPointerException at org.netbeans.modules.refactoring.java.ui.JavaRefactoringActionsProvider$7.createRefactoringUI,2008/7/28,,,,,0,,,,,,,,,,,,,
https://bz.apache.org/netbeans/show_bug.cgi?id=141432,141432,P3,java,Refactor,jpokorsky,RESO,FIXE,NullPointerException at org.netbeans.modules.refactoring.java.RetoucheUtils.getPackageName,2008/7/25,,,,,0,,,,,,,,,,,,,
https://bz.apache.org/netbeans/show_bug.cgi?id=134404,134404,P3,java,Refactor,jpokorsky,RESO,FIXE,NullPointerException at org.netbeans.modules.refactoring.java.RetoucheUtils.getPackageName,2008/7/25,,,,,0,,,,,,,,,,,,,
https://bz.apache.org/netbeans/show_bug.cgi?id=139091,139091,P3,java,Refactor,jpokorsky,RESO,FIXE,NullPointerException at org.netbeans.modules.refactoring.java.RetoucheUtils.getOverridingMethods,2008/7/23,,,,,0,,,,,,,,,,,,,
https://bz.apache.org/netbeans/show_bug.cgi?id=138211,138211,P3,java,Refactor,issues,RESO,FIXE,ClassNotFoundException after Refactor->Rename,2008/7/8,,,,,0,,,,,,,,,,,,,
https://bz.apache.org/netbeans/show_bug.cgi?id=138224,138224,P3,java,Refactor,jpokorsky,RESO,FIXE,[Pulll up] NPE when calling pull up refactoring,2008/7/3,,,,,0,,,,,,,,,,,,,
https://bz.apache.org/netbeans/show_bug.cgi?id=138193,138193,P3,java,Refactor,jpokorsky,RESO,FIXE,NullPointerException at org.netbeans.modules.refactoring.java.plugins.EncapsulateFieldRefactoringPlugin.getRelevantFiles,2008/7/1,,,,,0,,,,,,,,,,,,,
https://bz.apache.org/netbeans/show_bug.cgi?id=125474,125474,P3,java,Refactor,bharathch,RESO,FIXE,NullPointerException at org.netbeans.modules.refactoring.java.plugins.UseSuperTypeRefactoringPlugin$ReferencesVisitor.visitMemberSelect,2008/5/21,,,,,0,,,,,,,,,,,,,
https://bz.apache.org/netbeans/show_bug.cgi?id=135482,135482,P3,java,Refactor,issues,RESO,FIXE,NullPointerException at org.netbeans.modules.refactoring.spi.impl.CloseButtonTabbedPane.setMouseOverCloseButtonIndex,2008/5/21,,,,,0,,,,,,,,,,,,,
https://bz.apache.org/netbeans/show_bug.cgi?id=134105,134105,P3,java,Refactor,jbecicka,RESO,FIXE,Refactor pasted copy of class doesn't rename classname,2008/5/16,,,,,0,,,,,,,,,,,,,
https://bz.apache.org/netbeans/show_bug.cgi?id=122664,122664,P3,java,Refactor,issues,RESO,FIXE,NullPointerException at org.netbeans.modules.refactoring.java.plugins.FindUsagesVisitor.addIfMatch,2008/4/16,,,,,0,,,,,,,,,,,,,
https://bz.apache.org/netbeans/show_bug.cgi?id=129888,129888,P3,java,Refactor,issues,VERI,FIXE,NullPointerException at org.netbeans.modules.refactoring.java.plugins.SafeDeleteRefactoringPlugin.checkParameters,2008/4/14,,,,,0,,,,,,,,,,,,,
https://bz.apache.org/netbeans/show_bug.cgi?id=128613,128613,P3,java,Refactor,dprusa,RESO,FIXE,NullPointerException at org.netbeans.modules.refactoring.java.plugins.FindOverridingVisitor.visitMethod,2008/3/4,,,,,0,,,,,,,,,,,,,
https://bz.apache.org/netbeans/show_bug.cgi?id=126599,126599,P2,java,Refactor,dprusa,RESO,FIXE,AssertionError at org.netbeans.modules.refactoring.java.RetoucheUtils.getClasspathInfoFor,2008/2/27,,,,,0,,,,,,,,,,,,,
https://bz.apache.org/netbeans/show_bug.cgi?id=125894,125894,P3,java,Refactor,dprusa,RESO,FIXE,Encapsulate field refactoring fails if unary operator prefixed,2008/2/25,,,,,0,,,,,,,,,,,,,
https://bz.apache.org/netbeans/show_bug.cgi?id=126973,126973,P3,java,Refactor,issues,RESO,FIXE,NullPointerException at org.netbeans.modules.refactoring.java.plugins.FindSubtypesVisitor.visitClass,2008/2/18,,,,,0,,,,,,,,,,,,,
https://bz.apache.org/netbeans/show_bug.cgi?id=125724,125724,P3,java,Refactor,jbecicka,RESO,FIXE,Rename package without refactoring does Nothing !!!,2008/2/14,,,,,0,,,,,,,,,,,,,
https://bz.apache.org/netbeans/show_bug.cgi?id=126176,126176,P2,java,Refactor,issues,VERI,FIXE,NullPointerException at org.netbeans.modules.refactoring.java.RetoucheUtils.getClasspathInfoFor,2008/2/7,,,,,0,,,,,,,,,,,,,
https://bz.apache.org/netbeans/show_bug.cgi?id=125350,125350,P3,java,Refactor,issues,RESO,FIXE,Rename class -> NullPointerException at org.netbeans.modules.refactoring.java.plugins.RenameRefactoringPlugin$1.run,2008/1/29,,,,,0,,,,,,,,,,,,,
https://bz.apache.org/netbeans/show_bug.cgi?id=124100,124100,P2,java,Refactor,issues,RESO,FIXE,refactor>rename misses a method,2008/1/3,,,,,0,,,,,,,,,,,,,
https://bz.apache.org/netbeans/show_bug.cgi?id=124042,124042,P3,java,Refactor,issues,RESO,FIXE,Memory leak in refactoring list cell rendrerer,2007/12/17,,,,,0,,,,,,,,,,,,,
https://bz.apache.org/netbeans/show_bug.cgi?id=111172,111172,P3,java,Refactor,issues,VERI,FIXE,NPE in RefactoringActionsProvider.doDelete(),2007/12/15,,,,,0,,,,,,,,,,,,,
https://bz.apache.org/netbeans/show_bug.cgi?id=117153,117153,P3,java,Refactor,jpokorsky,RESO,FIXE,[60cat]Refactoring/Encapsulate fields preview inaccurate,2007/12/7,,,,,0,,,,,,,,,,,,,
https://bz.apache.org/netbeans/show_bug.cgi?id=121235,121235,P1,java,Refactor,issues,VERI,FIXE,NPE from refactoring change parameters,2007/11/12,,,,,0,,,,,,,,,,,,,
https://bz.apache.org/netbeans/show_bug.cgi?id=118242,118242,P3,java,Refactor,jbecicka,VERI,FIXE,NPE: Move Inner to Outer Level refactoring of Enum,2007/11/6,,,,,0,,,,,,,,,,,,,
https://bz.apache.org/netbeans/show_bug.cgi?id=120501,120501,P3,java,Refactor,jpokorsky,RESO,FIXE,Move inner to Outer refactoring broken.,2007/11/1,,,,,0,,,,,,,,,,,,,
https://bz.apache.org/netbeans/show_bug.cgi?id=114764,114764,P3,java,Refactor,jbecicka,VERI,FIXE,NPE - during refactoring - rename,2007/11/1,,,,,0,,,,,,,,,,,,,
https://bz.apache.org/netbeans/show_bug.cgi?id=120077,120077,P3,java,Refactor,jbecicka,RESO,FIXE,NullPointerException at org.netbeans.modules.refactoring.java.plugins.MoveTransformer.visitIdentifier,2007/10/26,,,,,0,,,,,,,,,,,,,
https://bz.apache.org/netbeans/show_bug.cgi?id=120041,120041,P3,java,Refactor,issues,RESO,FIXE,[60cat] NullPointerException at org.netbeans.modules.refactoring.java.plugins.JavaWhereUsedQueryPlugin$1.run,2007/10/25,,,,,0,,,,,,,,,,,,,
https://bz.apache.org/netbeans/show_bug.cgi?id=118734,118734,P3,java,Refactor,issues,RESO,FIXE,"[60cat] java.lang.AsserException during ""Pull up"" refactoring",2007/10/23,,,,,0,,,,,,,,,,,,,
https://bz.apache.org/netbeans/show_bug.cgi?id=118518,118518,P3,java,Refactor,bharathch,VERI,FIXE,NPE after Use Super Type Where Possible refactoring,2007/10/19,,,,,0,,,,,,,,,,,,,
https://bz.apache.org/netbeans/show_bug.cgi?id=118510,118510,P2,java,Refactor,jbecicka,VERI,FIXE,Move folder refactoring leaves package name unchanged,2007/10/11,,,,,0,,,,,,,,,,,,,
https://bz.apache.org/netbeans/show_bug.cgi?id=91013,91013,P3,java,Refactor,jbecicka,VERI,FIXE,[Rename] Disable Preview button when renaming w/o refactoring,2007/10/8,,,,,0,,,,,,,,,,,,,
https://bz.apache.org/netbeans/show_bug.cgi?id=76872,76872,P3,java,Refactor,issues,VERI,FIXE,[Inner to Outer] Extracted class is not refactored,2007/10/4,,,,,0,,,,,,,,,,,,,
https://bz.apache.org/netbeans/show_bug.cgi?id=117133,117133,P3,java,Refactor,jbecicka,RESO,FIXE,NPE while copying and refactoring a class,2007/10/4,,,,,0,,,,,,,,,,,,,
https://bz.apache.org/netbeans/show_bug.cgi?id=117154,117154,P3,java,Refactor,jbecicka,RESO,FIXE,[60cat] Refactoring/Pull Up doesn't place var declarations at the top of the class source,2007/10/3,,,,,0,,,,,,,,,,,,,
https://bz.apache.org/netbeans/show_bug.cgi?id=117241,117241,P3,java,Refactor,jbecicka,RESO,FIXE,typo in refactoring/java Bundle.properties,2007/10/1,,,,,0,,,,,,,,,,,,,
https://bz.apache.org/netbeans/show_bug.cgi?id=116660,116660,P2,java,Refactor,issues,RESO,FIXE,[60cat] Refactoring (rename) too slow,2007/9/26,,,,,0,,,,,,,,,,,,,
https://bz.apache.org/netbeans/show_bug.cgi?id=106462,106462,P3,java,Refactor,issues,RESO,FIXE,[Move] non complete move refactoring,2007/9/5,,,,,0,,,,,,,,,,,,,
https://bz.apache.org/netbeans/show_bug.cgi?id=98461,98461,P3,java,Refactor,jbecicka,VERI,FIXE,[SafeDelete] IAE: Parameter file was not normalized when redoing refactoring,2007/9/3,,,,,0,,,,,,,,,,,,,
https://bz.apache.org/netbeans/show_bug.cgi?id=113777,113777,P3,java,Refactor,issues,RESO,FIXE,NPE during push down refactoring.,2007/8/28,,,,,0,,,,,,,,,,,,,
https://bz.apache.org/netbeans/show_bug.cgi?id=105758,105758,P3,java,Refactor,issues,VERI,FIXE,[Change parameters] Refactoring does not respect varargs,2007/8/27,,,,,0,,,,,,,,,,,,,
https://bz.apache.org/netbeans/show_bug.cgi?id=89595,89595,P1,java,Refactor,jbecicka,RESO,FIXE,Bring back 5.5 refactorings,2007/8/22,,,,,0,,,,,,,,,,,,,
https://bz.apache.org/netbeans/show_bug.cgi?id=108372,108372,P2,java,Refactor,jbecicka,RESO,FIXE,Missing API for Java specific refactorings,2007/8/21,,,,,0,,,,,,,,,,,,,
https://bz.apache.org/netbeans/show_bug.cgi?id=112823,112823,P3,java,Refactor,jbecicka,RESO,FIXE,exception msg w/ bad grammar appears in refactoring dialog,2007/8/15,,,,,0,,,,,,,,,,,,,
https://bz.apache.org/netbeans/show_bug.cgi?id=102448,102448,P3,java,Refactor,jbecicka,VERI,FIXE,[Safe Delete] 'Refactor' button does not work when references are present,2007/8/15,,,,,0,,,,,,,,,,,,,
https://bz.apache.org/netbeans/show_bug.cgi?id=90252,90252,P1,java,Refactor,jbecicka,RESO,FIXE,"Implement Encapsulate Fields, Change Method Parameters and Inner to Outer refactorings for java files.",2007/8/14,,,,,0,,,,,,,,,,,,,
https://bz.apache.org/netbeans/show_bug.cgi?id=90254,90254,P1,java,Refactor,jbecicka,RESO,FIXE,"Implement Pull Up, Push Down, Extract Interface/Super class & Use supertype where possible refactorings for java files.",2007/8/14,,,,,0,,,,,,,,,,,,,
https://bz.apache.org/netbeans/show_bug.cgi?id=99739,99739,P2,java,Refactor,issues,RESO,FIXE,JAVA: java.util.NoSuchElementException when invoking folder rename refactoring,2007/8/14,,,,,0,,,,,,,,,,,,,
https://bz.apache.org/netbeans/show_bug.cgi?id=100271,100271,P2,java,Refactor,issues,RESO,FIXE,Move refactoring is broken,2007/8/14,,,,,0,,,,,,,,,,,,,
https://bz.apache.org/netbeans/show_bug.cgi?id=106452,106452,P2,java,Refactor,issues,RESO,FIXE,ISE in Move Class refactoring,2007/8/14,,,,,0,,,,,,,,,,,,,
https://bz.apache.org/netbeans/show_bug.cgi?id=93368,93368,P3,java,Refactor,issues,RESO,FIXE,java.lang.AssertionErrorã€€when refactor to rename,2007/8/14,,,,,0,,,,,,,,,,,,,
https://bz.apache.org/netbeans/show_bug.cgi?id=104438,104438,P3,java,Refactor,issues,RESO,FIXE,Refactoring of a Java method doesn't apply to test code,2007/8/14,,,,,0,,,,,,,,,,,,,
https://bz.apache.org/netbeans/show_bug.cgi?id=104666,104666,P3,java,Refactor,issues,RESO,FIXE,Copy class refactoring does not update references to the class object being moved,2007/8/14,,,,,0,,,,,,,,,,,,,
https://bz.apache.org/netbeans/show_bug.cgi?id=105346,105346,P3,java,Refactor,issues,RESO,FIXE,Drag and drop of one package folder to other in Files window shows Move Class refactoring UI,2007/8/14,,,,,0,,,,,,,,,,,,,
https://bz.apache.org/netbeans/show_bug.cgi?id=110295,110295,P3,java,Refactor,issues,RESO,FIXE,NPE when cancel Refactor-Delete,2007/8/14,,,,,0,,,,,,,,,,,,,
https://bz.apache.org/netbeans/show_bug.cgi?id=111177,111177,P3,java,Refactor,issues,RESO,FIXE,When I select Refactor | Introduce Method I get the Introduce Field dialog,2007/8/14,,,,,0,,,,,,,,,,,,,
https://bz.apache.org/netbeans/show_bug.cgi?id=108231,108231,P3,java,Refactor,jbecicka,RESO,FIXE,Package Rename Refactoring allows invalid package name with a trailing .,2007/8/14,,,,,0,,,,,,,,,,,,,
https://bz.apache.org/netbeans/show_bug.cgi?id=82106,82106,P3,java,Refactor,jiriprox,RESO,FIXE,Unexpected refactoring messages and exceptions.,2007/8/14,,,,,0,,,,,,,,,,,,,
https://bz.apache.org/netbeans/show_bug.cgi?id=105743,105743,P2,java,Refactor,issues,VERI,FIXE,[Push Down] Refactored element is not delete from original class,2007/8/14,,,,,0,,,,,,,,,,,,,
https://bz.apache.org/netbeans/show_bug.cgi?id=110278,110278,P2,java,Refactor,issues,VERI,FIXE,[Pull Up] Cannot perform refactoring on class containing inner class,2007/8/14,,,,,0,,,,,,,,,,,,,
https://bz.apache.org/netbeans/show_bug.cgi?id=110279,110279,P2,java,Refactor,issues,VERI,FIXE,Refactoring fails after form save,2007/8/14,,,,,0,,,,,,,,,,,,,
https://bz.apache.org/netbeans/show_bug.cgi?id=110425,110425,P2,java,Refactor,issues,VERI,FIXE,Refactoring of versioned packages causes problems.,2007/8/14,,,,,0,,,,,,,,,,,,,
https://bz.apache.org/netbeans/show_bug.cgi?id=90775,90775,P2,java,Refactor,jbecicka,VERI,FIXE,No such bundle org/netbeans/modules/refactoring/spi/ui/Bundle,2007/8/14,,,,,0,,,,,,,,,,,,,
https://bz.apache.org/netbeans/show_bug.cgi?id=102501,102501,P2,java,Refactor,jbecicka,VERI,FIXE,Refactoring does not work corectly in project with more source roots,2007/8/14,,,,,0,,,,,,,,,,,,,
https://bz.apache.org/netbeans/show_bug.cgi?id=100053,100053,P3,java,Refactor,issues,VERI,FIXE,Copy without refactoring doesn't work,2007/8/14,,,,,0,,,,,,,,,,,,,
https://bz.apache.org/netbeans/show_bug.cgi?id=100945,100945,P3,java,Refactor,issues,VERI,FIXE,Copy without refactoring ignores name provided by user,2007/8/14,,,,,0,,,,,,,,,,,,,
https://bz.apache.org/netbeans/show_bug.cgi?id=110155,110155,P3,java,Refactor,issues,VERI,FIXE,[Pull Up] Wrong labels in the refactoring dialog,2007/8/14,,,,,0,,,,,,,,,,,,,
https://bz.apache.org/netbeans/show_bug.cgi?id=112423,112423,P3,java,Refactor,issues,VERI,FIXE,Use preferences to store settings for Java refactoring,2007/8/14,,,,,0,,,,,,,,,,,,,
https://bz.apache.org/netbeans/show_bug.cgi?id=87219,87219,P3,java,Refactor,jbecicka,VERI,FIXE,Refactor|Safe delete does not work on variables,2007/8/14,,,,,0,,,,,,,,,,,,,
https://bz.apache.org/netbeans/show_bug.cgi?id=88085,88085,P3,java,Refactor,jbecicka,VERI,FIXE,Selection in refactoring preview doesn't work,2007/8/14,,,,,0,,,,,,,,,,,,,
https://bz.apache.org/netbeans/show_bug.cgi?id=88147,88147,P3,java,Refactor,jbecicka,VERI,FIXE,Refactoring of more files cannot be taken back at one step,2007/8/14,,,,,0,,,,,,,,,,,,,
https://bz.apache.org/netbeans/show_bug.cgi?id=89239,89239,P3,java,Refactor,jbecicka,VERI,FIXE,NPE from RefactoringActionsProvider when calling rename in comments,2007/8/14,,,,,0,,,,,,,,,,,,,
https://bz.apache.org/netbeans/show_bug.cgi?id=92438,92438,P3,java,Refactor,jbecicka,VERI,FIXE,Cannot call refactoring on nonpublic toplevel class,2007/8/14,,,,,0,,,,,,,,,,,,,
https://bz.apache.org/netbeans/show_bug.cgi?id=92513,92513,P3,java,Refactor,jbecicka,VERI,FIXE,[CopyClass] Improve refactoring after copy class,2007/8/14,,,,,0,,,,,,,,,,,,,
https://bz.apache.org/netbeans/show_bug.cgi?id=98471,98471,P3,java,Refactor,jbecicka,VERI,FIXE,[SafeDelete] CCE when calling refactoring,2007/8/14,,,,,0,,,,,,,,,,,,,
https://bz.apache.org/netbeans/show_bug.cgi?id=99079,99079,P3,java,Refactor,jbecicka,VERI,FIXE,[Rename] RuntimeException when refactoring a JPanel,2007/8/14,,,,,0,,,,,,,,,,,,,
https://bz.apache.org/netbeans/show_bug.cgi?id=88918,88918,P3,java,Refactor,jlahoda,VERI,FIXE,"IOException while invoking ""Refactor | Rename"" from editor.",2007/8/14,,,,,0,,,,,,,,,,,,,
https://bz.apache.org/netbeans/show_bug.cgi?id=72845,72845,P4,java,Refactor,issues,VERI,FIXE,[A11Y] Shortcut conflict in refactoring menu,2007/7/24,,,,,0,,,,,,,,,,,,,
https://bz.apache.org/netbeans/show_bug.cgi?id=72577,72577,P3,java,Refactor,issues,RESO,FIXE,\n in strings disturbes refactor>push down,2007/5/22,,,,,0,,,,,,,,,,,,,