url,priority,type,state,subsystem,affected version,included in builds,avaliable in,latest affected,created date,input program,input property,symptoms,refactoring type,commit_html_url,root cause
https://youtrack.jetbrains.com/issue/IDEA-340915/Bug-Extract-local-variables-causes-syntax-errors,Normal,Bug,Fixed,Java. Refactorings,2021.3.3 (213.7172.25),242.2079,Not specified,2024.1,20 Mar,1,,compile error,extract local variable,https://github.com/JetBrains/intellij-community/commit/6583f8ee65b0a9bf9c4eb224b1ecc84a06f3ba0a,overly weak preconditions
https://youtrack.jetbrains.com/issue/IDEA-332489/Inlining-refactoring-operation-leads-to-naming-conflicts,Normal,Bug,Fixed,Java. Refactorings,2023.3.4 (233.14475.28),242.3409,Not specified,2024.1,18 Mar,1,inner class,compile error,inline method,https://github.com/JetBrains/intellij-community/commit/21617c81371b0f1573a0ccb54aa70dd205982687;https://github.com/JetBrains/intellij-community/commit/b8b69757376b839967435cb9a92a8853f927906d,overly weak preconditions
https://youtrack.jetbrains.com/issue/IDEA-195246/Inline-this-variable-only-and-keep-this-reference-Cannot-perform-refactoring-variable-is-accessed-for-writing,Normal,Bug,Fixed,Java. Refactorings,Not specified,242.2079,Not specified,Not specified,11 Mar,1,,incorrect warning message,inline variable,https://github.com/JetBrains/intellij-community/commit/8051e35d6dd3286700be0ac2f7e5f4aef8b9bc40,overly weak preconditions
https://youtrack.jetbrains.com/issue/IDEA-343148/Introduce-constant-causes-exception-for-implicit-classes,Normal,Bug,Fixed,Java. Refactorings,Not specified,"241.9248, 241.9959.1",2024.1 EAP 2,Not specified,26 Jan,1,implicit class,exception,Introduce constant,https://github.com/JetBrains/intellij-community/commit/d72e824939e21dded0ec53be8fd0cd3272a10692;https://github.com/JetBrains/intellij-community/commit/ab3056d33d4280b304433bcdcb9ab8fe8a7b68ab;https://github.com/JetBrains/intellij-community/commit/ff0b78a15b95d566a179f26a90878ea1e4d7749f,ast rewrite issue
https://youtrack.jetbrains.com/issue/IDEA-321620/Move-Static-Members-produces-red-code-when-static-import-is-present,Normal,Bug,Fixed,Java. Refactorings,2022.2.5 (222.4554.10),"241.1392, 241.8102.5",2024.1 EAP 1,2023.2,17 Jan,1,,compile error,Move Static Members,https://github.com/JetBrains/intellij-community/commit/d62f8988b62c07bdc833671a38c193a8230bf2a1;https://github.com/JetBrains/intellij-community/commit/8e3d29b3f9e373d2b9a196fd922e3e6555fbf9f2,ast rewrite issue
https://youtrack.jetbrains.com/issue/IDEA-336815/Inline-variable-misleading-error-message-when-compile-errors-are-present,Normal,Bug,Fixed,Java. Refactorings,2021.3.3 (213.7172.25),"241.3870, 241.8102.5",2024.1 EAP 1,2024.1,17 Jan,1,,incorrect warning message,inline variable,https://github.com/JetBrains/intellij-community/commit/fd00898d32a86f01ab267553eed33f7241df7974;https://github.com/JetBrains/intellij-community/commit/c6fbff80c0704b0b4573de7b6411110d29307284,flow analysis issue
https://youtrack.jetbrains.com/issue/IDEA-300134/Introduce-Field-in-an-interface-should-probably-be-disabled,Normal,Bug,Fixed,Java. Refactorings,Not specified,"241.7082, 241.8102.5",2024.1 EAP 1,Not specified,17 Jan,1,,compile error,Introduce Field,https://github.com/JetBrains/intellij-community/commit/72faf00daff065f2a205c4585980a8740e7d54ff,overly weak preconditions
https://youtrack.jetbrains.com/issue/IDEA-198440/Introducing-field-of-local-class-type-should-probably-be-disallowed,Normal,Bug,Fixed,Java. Refactorings,Not specified,"241.7082, 241.8102.5",2024.1 EAP 1,Not specified,17 Jan,1,local class,compile error,introduce field,https://github.com/JetBrains/intellij-community/commit/b2cf7e2e4ba97483ed8ff3c8145da778a04a361a;https://github.com/JetBrains/intellij-community/commit/44373573e7cfb169fb261b103b94de0402e1cb01,overly weak preconditions
https://youtrack.jetbrains.com/issue/IDEA-340087/Introduce-variable-throws-exception-in-implicit-classes,Normal,Bug,Fixed,Java. Refactorings,Not specified,"241.5506, 241.8102.5",2024.1 EAP 1,Not specified,17 Jan,1,implicit class,exception,introduce variable,https://github.com/JetBrains/intellij-community/commit/7ed93305c1e2eebc2b2ba78c27c842d95115c105,ast rewrite issue
https://youtrack.jetbrains.com/issue/IDEA-338428/Inline-pattern-variable-doesnt-work-when-its-located-in-nested-condition,Normal,Bug,Fixed,Java. Refactorings,Not specified,"241.2802, 233.12581, 233.13135.5, 241.8102.5",2023.3.2,Not specified,11 Jan,1,nested condition,exception,inline variable,https://github.com/JetBrains/intellij-community/commit/fc4f8118d2abc4efb20d7668d7879991d3b83d3d,flow analysis issue
https://youtrack.jetbrains.com/issue/IDEA-327261/Inline-method-doesnt-work-in-unnamed-class,Normal,Bug,Fixed,Java. Refactorings,Not specified,"233.6067, 233.6745.35",2023.3,Not specified,4 Dec 2023,1,unnamed class,exception,inline method,https://github.com/JetBrains/intellij-community/commit/7ce61422f019746e8a72db1102472e4657a8334f,ast rewrite issue
https://youtrack.jetbrains.com/issue/IDEA-331198/Exception-upon-Extract-method-on-String-template,Normal,Bug,Fixed,Java. Refactorings,Not specified,"233.7106, 233.8264.2",2023.3,Not specified,4 Dec 2023,1,special string,exception,extract method,https://github.com/JetBrains/intellij-community/commit/34afca4ec6471def2a8c2e62e975a295e86915bc,flow analysis issue
https://youtrack.jetbrains.com/issue/IDEA-318626/Change-signature-incorrectly-wraps-unwraps-arguments-when-changing-between-varargs-and-arrays,Normal,Bug,Fixed,Java. Refactorings,2022.2.5 (222.4554.10),"232.5020, 233.182",2023.2,2023.2,26 Jul 2023,1,varargs,compile error,change method signature,https://github.com/JetBrains/intellij-community/commit/be6a068d767f1b01d8fd9d150d2ca28afabf3e72,flow analysis issue
https://youtrack.jetbrains.com/issue/IDEA-274500/Errors-when-extracting-constants-as-nested-enum,Normal,Bug,Fixed,Java. Refactorings,"2021.3 (213.5744.223), 2021.1.3 (211.7628.21)","232.2050, 233.182",2023.2,Not specified,26 Jul 2023,1,enum,compile error,extract variable as enum,https://github.com/JetBrains/intellij-community/commit/779f0ecebc3f427c6c31756c351ccdb0791cfe4f,flow analysis issue
https://youtrack.jetbrains.com/issue/IDEA-314882/Inline-method-adds-unnecessary-parentheses-when-inlining-a-string-concatenation-into-a-string-concatenation,Normal,Bug,Fixed,Java. Refactorings,Not specified,"232.1606, 233.182",2023.2,Not specified,26 Jul 2023,1,,unnecessary change,inline method,https://github.com/JetBrains/intellij-community/commit/6a09b77b61b9014cc0d08c411e5f99443096347f,ast rewrite issue
https://youtrack.jetbrains.com/issue/IDEA-313673/Extracted-method-erroneous-marked-as-static-despite-it-refers-non-static-class,Normal,Bug,Fixed,Java. Refactorings,Not specified,"232.1218, 233.182",2023.2,Not specified,26 Jul 2023,1,static method,compile error,extract method,https://github.com/JetBrains/intellij-community/commit/7a80c0d0edff27d7d02a2ae6284c7f1cbbf39b50,flow analysis issue
https://youtrack.jetbrains.com/issue/IDEA-308062/Inline-Super-class-performs-unexpectedly,Normal,Bug,Fixed,Java. Refactorings,2022.3 (223.7571.182),"231.5252, 233.182",2023.1,Not specified,23 Jun 2023,1,input options,behavior change,inline class,https://github.com/JetBrains/intellij-community/commit/8bdf9dfed95498dcdf0b84641846e6cd7be87c07,ast rewrite issue
https://youtrack.jetbrains.com/issue/IDEA-309095/Improve-the-Safety-of-Introduce-Variable-Refactorings-concening-ClassCasts,Normal,Bug,Fixed,Java. Refactorings,Not specified,"231.5689, 233.182",Not specified,Not specified,23 Jun 2023,1,instanceof,exception,introduce variable,https://github.com/JetBrains/intellij-community/commit/6253884c82bd383a038f21a8af8e7744d9eebc30,flow analysis issue
https://youtrack.jetbrains.com/issue/IDEA-311673/Pull-members-up-refactoring-should-not-allow-pulling-up-synthetic-enum-methods,Normal,Bug,Fixed,Java. Refactorings,Not specified,"231.6298, 233.182",2023.1,Not specified,23 Jun 2023,1,enum,exception,pull up method,https://github.com/JetBrains/intellij-community/commit/b10f00ab17e6d77a417eadf4add6b441e9c89673,overly weak preconditions
https://youtrack.jetbrains.com/issue/IDEA-311563/Pull-members-up-refactoring-should-not-allow-pulling-up-non-abstract-record-accessor-method,Normal,Bug,Fixed,Java. Refactorings,Not specified,"231.6298, 233.182",2023.1,Not specified,23 Jun 2023,1,record,compile error,pull up method,https://github.com/JetBrains/intellij-community/commit/d83f0ae5853be8fc2febdd51d84aeeeec81b3341,overly weak preconditions
https://youtrack.jetbrains.com/issue/IDEA-311776/Incorrect-warning-that-static-members-cant-be-pushed-down-to-non-static-classes,Normal,Bug,Fixed,Java. Refactorings,Not specified,"231.6348, 233.182",2023.1,Not specified,23 Jun 2023,1,local class,incorrect warning message,push down method,https://github.com/JetBrains/intellij-community/commit/c67c56220df69507c8ac0032d4c23f02d9ca9d9f,overly strong preconditions
https://youtrack.jetbrains.com/issue/IDEA-315964/Intellij-Idea-removes-annotation-from-generic-parameters-when-converting-class-to-a-record,Normal,Bug,Fixed,Java. Refactorings,2022.3.3 (223.8836.41),Not specified,Not specified,2023.2,23 Mar 2023,1,annotation,behavior change,convert class to record,,
https://youtrack.jetbrains.com/issue/IDEA-102024/Moving-fields-from-one-class-to-another-can-be-incorrect,Normal,Bug,Fixed,Java. Refactorings,Not specified,128.33,Not specified,Not specified,10 Feb 2023,1,,behavior change,move field,https://github.com/JetBrains/intellij-community/commit/f00cc9d5305c862d7fb081374c387a09d3724bd7,flow analysis issue
https://youtrack.jetbrains.com/issue/IDEA-104308/Change-Signature-Method-parameter-default-value-becomes-fully-qualified-after-refactoring-is-applied,Normal,Bug,Fixed,Java. Refactorings,Not specified,130.165,Not specified,Not specified,10 Feb 2023,1,,unnecessary change,change method signature,https://github.com/JetBrains/intellij-community/commit/298432c18c9a2eba0ab8b959bb040d41c820a281,ast rewrite issue
https://youtrack.jetbrains.com/issue/IDEA-104536/red-code-after-inline-variable,Normal,Bug,Fixed,Java. Refactorings,Not specified,130.248,Not specified,Not specified,10 Feb 2023,1,foreach,compile error,inline variable,https://github.com/JetBrains/intellij-community/commit/55d981e071c53080b7a970f677a594a6dbcfc130,ast rewrite issue
https://youtrack.jetbrains.com/issue/IDEA-104986/Make-inner-class-incorrect-accessibility-warning-about-inner-class,Normal,Bug,Fixed,Java. Refactorings,Not specified,130.248,Not specified,Not specified,10 Feb 2023,1,inner class,incorrect warning message,move class,https://github.com/JetBrains/intellij-community/commit/a9544ca29678f6530a0b3aacc26d99f9b6dfab92,flow analysis issue
https://youtrack.jetbrains.com/issue/IDEA-103509/extract-class-as-enum-refactoring-generates-bad-code,Normal,Bug,Fixed,Java. Refactorings,Not specified,130.261,Not specified,Not specified,10 Feb 2023,1,enum,compile error,extract class,https://github.com/JetBrains/intellij-community/commit/33dee73821c4baef87519268ed2a4b8524fa6bbe,ast rewrite issue
https://youtrack.jetbrains.com/issue/IDEA-122014/Extract-method-duplicates-analysis-fails-in-case-of-inner-classes,Normal,Bug,Fixed,Java. Refactorings,Not specified,"136.1235, 136.1336, 135.690",Not specified,Not specified,10 Feb 2023,1,inner class,behavior change,extract method,https://github.com/JetBrains/intellij-community/commit/90698ca76cc4228b1751a99f8a500d286a6eee08,Incorrect Type Resolving
https://youtrack.jetbrains.com/issue/IDEA-105455/Introduce-Variable-refactoring-adds-redundant-casting,Normal,Bug,Fixed,Java. Refactorings,Not specified,130.299,Not specified,Not specified,10 Feb 2023,1,,unnecessary change,introduce variable,https://github.com/JetBrains/intellij-community/commit/8e189439ca9aa63555f5dd20ebe161c79aa9cfe5;https://github.com/JetBrains/intellij-community/commit/c362124ffd1bdc4ec45d06c26203dd08b8ba7c1b,ast rewrite issue
https://youtrack.jetbrains.com/issue/IDEA-105483/Add-constructor-parameters-ignores-parameters-whose-names-clash-with-field-names,Normal,Bug,Fixed,Java. Refactorings,Not specified,130.299,Not specified,Not specified,10 Feb 2023,1,,compile error,change method signature,,
https://youtrack.jetbrains.com/issue/IDEA-106175/move-constant-from-nested-class-to-outer-generates-bad-code-sometimes-if-constant-used-in-annotation,Normal,Bug,Fixed,Java. Refactorings,Not specified,130.386,Not specified,Not specified,10 Feb 2023,1,annotation,behavior change,move constant,https://github.com/JetBrains/intellij-community/commit/bca1f12e1eb8a0ae446b73bb1eb930787723d9bc,flow analysis issue
https://youtrack.jetbrains.com/issue/IDEA-123758/Inlining-interfaces-with-constants-result-in-non-constant-fields,Normal,Bug,Fixed,Java. Refactorings,Not specified,"136.1616, 136.1663, 135.690",Not specified,Not specified,10 Feb 2023,1,,compile error,inline class,https://github.com/JetBrains/intellij-community/commit/d9fe7023db079c9c5aab67909ae0bca2c84ea5b7,ast rewrite issue
https://youtrack.jetbrains.com/issue/IDEA-124349/Extract-Parameter-refactoring-fails-for-nested-calls,Normal,Bug,Fixed,Java. Refactorings,Not specified,"136.1761, 138.243, 135.909",Not specified,Not specified,10 Feb 2023,1,nested calls,fail to refactoring,extract parameter,https://github.com/JetBrains/intellij-community/commit/ee2a5d061508a841b1e9c50bbc8ed501ce8213c9,Incorrect Type Resolving
https://youtrack.jetbrains.com/issue/IDEA-124385/Replace-anonymous-type-with-lambda-bug,Normal,Bug,Fixed,Java. Refactorings,Not specified,"138.243, 135.909",Not specified,Not specified,10 Feb 2023,1,lambda,compile error,replace anonymous with lambda,https://github.com/JetBrains/intellij-community/commit/f3e1d968b82749fdffe05cab6779432f3c8d4ca3,Incorrect Type Resolving
https://youtrack.jetbrains.com/issue/IDEA-108026/Renaming-an-entity-field-does-not-rename-the-setter-method-parameter,Normal,Bug,Fixed,Java. Refactorings,Not specified,130.751,Not specified,Not specified,10 Feb 2023,1,,fail to refactoring,rename field,https://github.com/JetBrains/intellij-community/commit/46bb77d1c0b7e0c19942c84a37a47cf3b066b00f,ast rewrite issue
https://youtrack.jetbrains.com/issue/IDEA-125141/Introduce-constant-field-throws-ClassCastException-when-variable-is-used-in-try-with-resources-statement,Normal,Bug,Fixed,Java. Refactorings,Not specified,"138.195, 138.243",Not specified,Not specified,10 Feb 2023,1,try-with-resources,exception,introduce field,https://github.com/JetBrains/intellij-community/commit/b1b602553c63d6056956627102d2e6a31ac44de4,ast rewrite issue
https://youtrack.jetbrains.com/issue/IDEA-125126/Convert-to-Atomic-fail,Normal,Bug,Fixed,Java. Refactorings,Not specified,"138.199, 138.243",Not specified,Not specified,10 Feb 2023,1,,compile error,convert to automic,https://github.com/JetBrains/intellij-community/commit/c4a90c57dc3217202c280a4e663120fef1d17fdf,flow analysis issue
https://youtrack.jetbrains.com/issue/IDEA-125259/Extract-method-removes-generic-casts,Normal,Bug,Fixed,Java. Refactorings,Not specified,"138.241, 138.254",Not specified,Not specified,10 Feb 2023,1,java generics,behavior change,extract method,https://github.com/JetBrains/intellij-community/commit/ec9a61b8bd974d4286b8f0add37475dd8196cd81,ast rewrite issue
https://youtrack.jetbrains.com/issue/IDEA-108187/Extract-Parameter-Object-creates-wrong-Javadoc,Normal,Bug,Fixed,Java. Refactorings,Not specified,130.782,Not specified,Not specified,10 Feb 2023,1,comment related,comment related,extract parameter,https://github.com/JetBrains/intellij-community/commit/fa612bf031dec83b1a47897dbce28669cfa090fd,ast rewrite issue
https://youtrack.jetbrains.com/issue/IDEA-104417/Refactoring-creates-silly-assignment,Normal,Bug,Fixed,Java. Refactorings,Not specified,130.956,Not specified,Not specified,10 Feb 2023,1,,behavior change,rename field,https://github.com/JetBrains/intellij-community/commit/29db8a98836942bd8a9743f4e55fbfe19f454fe0,flow analysis issue
https://youtrack.jetbrains.com/issue/IDEA-136958/Extract-variable-does-not-work-for-list-of-enums-that-implement-a-particular-type,Normal,Bug,Fixed,Java. Refactorings,Not specified,"142.458, 141.402, 142.667",Not specified,Not specified,10 Feb 2023,1,enum,not available,extract variable,https://github.com/JetBrains/intellij-community/commit/21fd57c89f9bc114d99ce5ba7bcb7f56bffb229a,Incorrect Type Resolving
https://youtrack.jetbrains.com/issue/IDEA-138033/ExtractParameterObject-refactoring-changing-parameters-to-extract-default-names-produces-invalid-code-in-case-of-new-class,Normal,Bug,Fixed,Java. Refactorings,Not specified,"142.418, 141.402, 142.667",Not specified,Not specified,10 Feb 2023,1,,compile error,extract parameter,https://github.com/JetBrains/intellij-community/commit/e9095a215386f05ee9c53eceeee79a2a7e99d01d,flow analysis issue
https://youtrack.jetbrains.com/issue/IDEA-109272/Move-Members-refactoring-breaks-switch-statement-with-strings,Normal,Bug,Fixed,Java. Refactorings,Not specified,130.987,Not specified,Not specified,10 Feb 2023,1,switch case,compile error,move field,https://github.com/JetBrains/intellij-community/commit/51d17241964fe239016eee30ff6507e219a9e93d,ast rewrite issue
https://youtrack.jetbrains.com/issue/IDEA-125934/Rename-field-refactoring-shadows-local-but-doesnt-notify-user,Normal,Bug,Fixed,Java. Refactorings,Not specified,"138.475, 138.547",Not specified,Not specified,10 Feb 2023,1,,behavior change,rename field,https://github.com/JetBrains/intellij-community/commit/350760c993dee773aa52c8db38fb409884ba3d16,flow analysis issue
https://youtrack.jetbrains.com/issue/IDEA-124747/Encapsulate-fields-refactoring-removes-my-comments,Normal,Bug,Fixed,Java. Refactorings,Not specified,"138.497, 138.547",Not specified,Not specified,10 Feb 2023,1,comment related,comment related,encapsulate field,https://github.com/JetBrains/intellij-community/commit/693bbf6ef822014c9ac090f2586348fd3a3709d2,ast rewrite issue
https://youtrack.jetbrains.com/issue/IDEA-109541/Inline-resource-variable-leaves-uncompilable-code,Normal,Bug,Fixed,Java. Refactorings,Not specified,130.1024,Not specified,Not specified,10 Feb 2023,1,try-with-resources,compile error,inline variable,https://github.com/JetBrains/intellij-community/commit/95ae5e69dbb7e8f979c894b17fef0771fd4198db,ast rewrite issue
https://youtrack.jetbrains.com/issue/IDEA-109543/Safe-delete-resource-variable-leaves-uncompilable-code,Normal,Bug,Fixed,Java. Refactorings,Not specified,130.1024,Not specified,Not specified,10 Feb 2023,1,try-with-resources,compile error,delete variable,https://github.com/JetBrains/intellij-community/commit/b8638b7b469db292888f2511b884d008103f0aef,ast rewrite issue
https://youtrack.jetbrains.com/issue/IDEA-109576/Extract-interface-refactoring-breaks-foreach-loops,Normal,Bug,Fixed,Java. Refactorings,Not specified,130.1051,Not specified,Not specified,10 Feb 2023,1,foreach,behavior change,extract interface,https://github.com/JetBrains/intellij-community/commit/17ff190b7cfacb805c560e4af0f06e651ba6d1fc,ast rewrite issue
https://youtrack.jetbrains.com/issue/IDEA-138895/Extract-Function-Parameter-produces-incorrect-code-when-invoked-from-anonymous-class,Normal,Bug,Fixed,Java. Refactorings,Not specified,"142.994, 141.615, 142.1217",Not specified,Not specified,10 Feb 2023,1,anonymous class,compile error,extract parameter,https://github.com/JetBrains/intellij-community/commit/45c5c2163f82c2dfe0a05993625fdf7870f7fdc9,ast rewrite issue
https://youtrack.jetbrains.com/issue/IDEA-138745/Replace-method-duplicate-failed-for-constructor,Normal,Bug,Fixed,Java. Refactorings,Not specified,"142.994, 141.615, 142.1217",Not specified,Not specified,10 Feb 2023,1,,compile error,extract parameter,https://github.com/JetBrains/intellij-community/commit/e1e48eb1e80337f20fa7d0cbeccfb13e62b37437,ast rewrite issue
https://youtrack.jetbrains.com/issue/IDEA-126312/Bad-inline-method,Normal,Bug,Fixed,Java. Refactorings,Not specified,"138.686, 138.888",Not specified,Not specified,10 Feb 2023,1,,behavior change,inline method,https://github.com/JetBrains/intellij-community/commit/f0f8dd1db2faaa6c0b9b30a98cff70215357f79a,Incorrect Type Resolving
https://youtrack.jetbrains.com/issue/IDEA-139615/Extract-Interface-doesnt-handle-multiple-type-parameters-creates-broken-code,Normal,Bug,Fixed,Java. Refactorings,Not specified,"142.1448, 142.1479",Not specified,Not specified,10 Feb 2023,1,java generics,compile error,extract interface,https://github.com/JetBrains/intellij-community/commit/6be67cfec0478d935a34950329e99f5d4fd443d6,ast rewrite issue
https://youtrack.jetbrains.com/issue/IDEA-139292/Extract-method-refactoring-in-local-anonymous-class-introduces-unnecessary-parameter,Normal,Bug,Fixed,Java. Refactorings,Not specified,"142.1235, 142.1357, 141.889",Not specified,Not specified,10 Feb 2023,1,lambda,unnecessary change,extract method,https://github.com/JetBrains/intellij-community/commit/b044c4fcee31ba6c36c981f23413907be9fb63a0,flow analysis issue
https://youtrack.jetbrains.com/issue/IDEA-139827/Avoid-the-perform-of-rename-refactoring-at-the-implicit-enum-elements-e.g.-values-method,Normal,Bug,Fixed,Java. Refactorings,Not specified,"142.1564, 142.1622",Not specified,Not specified,10 Feb 2023,1,enum,compile error,rename method,https://github.com/JetBrains/intellij-community/commit/a43a311851eca1d0c6c05f1f2b1012e94a6886b7,overly weak preconditions
https://youtrack.jetbrains.com/issue/IDEA-110332/Reordering-parameters-via-Change-Signature-refactoring-breaks-Javadoc,Normal,Bug,Fixed,Java. Refactorings,Not specified,130.1259,Not specified,Not specified,10 Feb 2023,1,comment related,comment related,change method signature,https://github.com/JetBrains/intellij-community/commit/424001aef52825cf062f9567b6db936512440c9e;https://github.com/JetBrains/intellij-community/commit/c50d84e703c0e5f06f0efe92c23ed7cab2f91d32;https://github.com/JetBrains/intellij-community/commit/58e9f5ffd84921e126149b2b2d1ca55454a27dc7,ast rewrite issue
https://youtrack.jetbrains.com/issue/IDEA-127135/Inline-call-to-getter-generates-invalid-code,Normal,Bug,Fixed,Java. Refactorings,Not specified,"138.1283, 138.1319",Not specified,Not specified,10 Feb 2023,1,,compile error,inline method,https://github.com/JetBrains/intellij-community/commit/1c70a2804a2db833c2a2582e83fdc96eee7febf5,ast rewrite issue
https://youtrack.jetbrains.com/issue/IDEA-127411/Problem-with-inline-method,Normal,Bug,Fixed,Java. Refactorings,Not specified,"138.1283, 138.1319",Not specified,Not specified,10 Feb 2023,1,,behavior change,inline method,https://github.com/JetBrains/intellij-community/commit/b585c95984775b61cdea18bbfbbbdc4e9ae6b641,flow analysis issue
https://youtrack.jetbrains.com/issue/IDEA-140384/Javadoc-link-breaks-on-refactoring,Normal,Bug,Fixed,Java. Refactorings,Not specified,"141.1310, 142.1883",Not specified,Not specified,10 Feb 2023,1,comment related,comment related,change method signature,https://github.com/JetBrains/intellij-community/commit/6f39da37617a8c800cb447ed84a0827601623d2e,ast rewrite issue
https://youtrack.jetbrains.com/issue/IDEA-127819/Refactoring-Parameterized-anonymous-to-Inner-class-gets-same-name-as-outer-class,Normal,Bug,Fixed,Java. Refactorings,Not specified,"138.1337, 138.1440",Not specified,Not specified,10 Feb 2023,1,anonymous class,compile error,parameterize anonymous to inner class,https://github.com/JetBrains/intellij-community/commit/bdbfc53c07be529875acc8f48f41196f9e2f9e43,ast rewrite issue
https://youtrack.jetbrains.com/issue/IDEA-110978/Refactors-this-as-null-when-converting-for-each-loop-to-indexed-for-loop,Normal,Bug,Fixed,Java. Refactorings,Not specified,130.1471,Not specified,Not specified,10 Feb 2023,1,foreach,compile error,replace foreach with for,https://github.com/JetBrains/intellij-community/commit/615ffb9356ec7863975611d7406bb2f143d36eb7,flow analysis issue
https://youtrack.jetbrains.com/issue/IDEA-140839/Generic-arguments-are-incorrectly-refactored-when-nested-classes-are-involved.,Normal,Bug,Fixed,Java. Refactorings,Not specified,142.2119,Not specified,Not specified,10 Feb 2023,1,java generics,compile error,move class to upper level,https://github.com/JetBrains/intellij-community/commit/cde47646e57a27a37b0c8b3c95556085efb3a834,ast rewrite issue
https://youtrack.jetbrains.com/issue/IDEA-110601/Change-Signature-with-parameter-propagation-breaks-parameter-in-method-call,Normal,Bug,Fixed,Java. Refactorings,Not specified,Not specified,Not specified,Not specified,10 Feb 2023,1,,behavior change,change method signature,https://github.com/JetBrains/intellij-community/commit/ec8876bed5211e18840dd161da48d37f086e61f2,ast rewrite issue
https://youtrack.jetbrains.com/issue/IDEA-111735/Change-Signature-refactoring-corrupts-javadoc-links-references-to-the-method,Normal,Bug,Fixed,Java. Refactorings,Not specified,130.1574,Not specified,Not specified,10 Feb 2023,1,comment related,comment related,change method signature,https://github.com/JetBrains/intellij-community/commit/3069f9ae10d30d0a476d17f6e237473133a298ec,ast rewrite issue
https://youtrack.jetbrains.com/issue/IDEA-141301/Refactor-extract-interface-creates-not-compilable-code-if-enum-constants-are-selected-in-dialog,Normal,Bug,Fixed,Java. Refactorings,Not specified,142.2421,Not specified,Not specified,10 Feb 2023,1,enum,compile error,extract interface,https://github.com/JetBrains/intellij-community/commit/4c5bee489fe2640fb7fc20332d9a2eea5107e72e,overly weak preconditions
https://youtrack.jetbrains.com/issue/IDEA-141299/Refactor-replace-constructor-with-factory-method-with-builder-creates-not-compilable-code-for-enums,Normal,Bug,Fixed,Java. Refactorings,Not specified,142.2421,Not specified,Not specified,10 Feb 2023,1,enum,compile error,replace constructor with factory method,https://github.com/JetBrains/intellij-community/commit/38e2d2cd6c8aba6f895027e56a9da3105ac3438c,overly weak preconditions
https://youtrack.jetbrains.com/issue/IDEA-141562/Extract-method-does-not-generate-required-parameter,Normal,Bug,Fixed,Java. Refactorings,Not specified,142.256,Not specified,Not specified,10 Feb 2023,1,,compile error,extract method,https://github.com/JetBrains/intellij-community/commit/f2cddf72019fa7225ea953959bfded3c460e121d,flow analysis issue
https://youtrack.jetbrains.com/issue/IDEA-141634/Introduce-variable-may-produce-not-compilable-code,Normal,Bug,Fixed,Java. Refactorings,Not specified,142.2586,Not specified,Not specified,10 Feb 2023,1,,compile error,introduce variable,https://github.com/JetBrains/intellij-community/commit/eaa9b80df11ac90ae782ebc8638b19cd8a057cba,ast rewrite issue
https://youtrack.jetbrains.com/issue/IDEA-142163/Extract-method-failure-in-Java8-lambda,Normal,Bug,Fixed,Java. Refactorings,Not specified,142.2963,Not specified,Not specified,10 Feb 2023,1,lambda,compile error,extract method,https://github.com/JetBrains/intellij-community/commit/4684772197ca13b910ee918000a3ce1a8eb198f8,flow analysis issue
https://youtrack.jetbrains.com/issue/IDEA-112590/Extract-class-as-enum-breaks-code-when-multiple-constants-are-in-one-declaration,Normal,Bug,Fixed,Java. Refactorings,Not specified,130.1734,Not specified,Not specified,10 Feb 2023,1,enum,compile error,extract class,https://github.com/JetBrains/intellij-community/commit/832256ec3375a6c00e3275aca658bc12e09d0450,ast rewrite issue
https://youtrack.jetbrains.com/issue/IDEA-142291/Pull-members-up-to-cyclically-dependent-class-causes-StackOverflowError,Normal,Bug,Fixed,Java. Refactorings,Not specified,142.3048,Not specified,Not specified,10 Feb 2023,1,cyclically dependent class,crash,pull members up,https://github.com/JetBrains/intellij-community/commit/0c0d95fbc980aaaf332ecb5c1d390026ff2e9c2a,flow analysis issue
https://youtrack.jetbrains.com/issue/IDEA-142361/Extract-Variable-in-lambda-expression-fails,Normal,Bug,Fixed,Java. Refactorings,Not specified,142.???,Not specified,Not specified,10 Feb 2023,1,lambda,compile error,extract variable,https://github.com/JetBrains/intellij-community/commit/6804eceb62d0690b5e666a56d846f615cef20739,flow analysis issue
https://youtrack.jetbrains.com/issue/IDEA-142350/Change-Signature-Default-values-are-used-inside-of-methods-overriding-callers-chosen-for-parameter-propagation,Normal,Bug,Fixed,Java. Refactorings,Not specified,142.???,Not specified,Not specified,10 Feb 2023,1,,behavior change,change method signature,https://github.com/JetBrains/intellij-community/commit/51af5a631242524a80626ce9d1907a0a53c8ea50,ast rewrite issue
https://youtrack.jetbrains.com/issue/IDEA-142378/Cannot-delete-refactor-a-type-variable-for-a-generic-method,Normal,Bug,Fixed,Java. Refactorings,Not specified,142.???,Not specified,Not specified,10 Feb 2023,1,java generics,compile error,change method signature,https://github.com/JetBrains/intellij-community/commit/1aea1b76e711d38369a45638c698d65426b62865,Incorrect Type Resolving
https://youtrack.jetbrains.com/issue/IDEA-90322/Cannot-use-Extract-Variable-inside-string-containing-injected-language,Normal,Bug,Fixed,Java. Refactorings,Not specified,122.192,Not specified,Not specified,10 Feb 2023,1,special string,not available,extract variable,https://github.com/JetBrains/intellij-community/commit/9558ec4df46e77acb65fd06035e052b2bb8de476,selection parsing issue
https://youtrack.jetbrains.com/issue/IDEA-90740/Inline-refactoring-fails-to-run-when-it-clearly-could,Normal,Bug,Fixed,Java. Refactorings,Not specified,122.26,Not specified,Not specified,10 Feb 2023,1,,incorrect warning message,inline variable,https://github.com/JetBrains/intellij-community/commit/4580e8da2ab01d15208472b93fdc4732fe57410f,overly strong preconditions
https://youtrack.jetbrains.com/issue/IDEA-112570/Extract-Method-from-statement-lambda-does-not-take-parameters-from-enclosing-scope,Normal,Bug,Fixed,Java. Refactorings,Not specified,130.1734,Not specified,Not specified,10 Feb 2023,1,lambda,compile error,extract method,https://github.com/JetBrains/intellij-community/commit/47262762d20b9346f6209e17967f09e8b44aa106,flow analysis issue
https://youtrack.jetbrains.com/issue/IDEA-91288/Inline-Refactoring-should-not-be-allowed-for-variables-initialized-with-condition,Minor,Bug,Fixed,Java. Refactorings,Not specified,122.345,Not specified,Not specified,10 Feb 2023,1,,compile error,inline variable,https://github.com/JetBrains/intellij-community/commit/a9d8837b82827bcbaa99ee7f75424966d7336d40,ast rewrite issue
https://youtrack.jetbrains.com/issue/IDEA-90390/Inline-variable-performed-incorrectly-for-return-inside-try,Normal,Bug,Fixed,Java. Refactorings,Not specified,122.419,Not specified,Not specified,10 Feb 2023,1,try catch,compile error,inline variable,https://github.com/JetBrains/intellij-community/commit/2b84533a1fe927a76fcadf073ae7585926ea048a,overly weak preconditions
https://youtrack.jetbrains.com/issue/IDEA-143340/Inline-lambda-variable-may-produce-uncompilable-code,Normal,Bug,Fixed,Java. Refactorings,Not specified,142.4112,Not specified,Not specified,10 Feb 2023,1,lambda,compile error,inline variable,https://github.com/JetBrains/intellij-community/commit/67bfb2b357c8744348ef0ee5fd06e1f5bbfe0a2c,ast rewrite issue
https://youtrack.jetbrains.com/issue/IDEA-93084/Invert-Boolean-for-class-field-renames-corresponding-constructor-parameter-incorrectly,Normal,Bug,Fixed,Java. Refactorings,Not specified,122.582,Not specified,Not specified,10 Feb 2023,1,,compile error,convert boolean,https://github.com/JetBrains/intellij-community/commit/bf1cc2576fccd6140380ef81109141125337f781,ast rewrite issue
https://youtrack.jetbrains.com/issue/IDEA-92815/Extract-method-refactoring-with-Fold-parameters-is-too-clever-breaks-functioning-code,Normal,Bug,Fixed,Java. Refactorings,Not specified,122.592,Not specified,Not specified,10 Feb 2023,1,input options,behavior change,extract method,https://github.com/JetBrains/intellij-community/commit/bfef30ff032724ef8bb3f7d43d261092c911c42f,Incorrect Type Resolving
https://youtrack.jetbrains.com/issue/IDEA-114908/Moving-a-static-method-and-static-inner-class-creates-broken-code,Normal,Bug,Fixed,Java. Refactorings,Not specified,132.75,Not specified,Not specified,10 Feb 2023,1,inner class,crash,move class to upper level,https://github.com/JetBrains/intellij-community/commit/7b3af34395bbabe246cc9d639dff8a0e2490de57,flow analysis issue
https://youtrack.jetbrains.com/issue/IDEA-144043/Pull-Members-Up-refactoring-breaks-code,Normal,Bug,Fixed,Java. Refactorings,Not specified,142.4236,Not specified,Not specified,10 Feb 2023,1,,compile error,pull members up,https://github.com/JetBrains/intellij-community/commit/3d5df4668dd718f944887215d181e8350521af08;https://github.com/JetBrains/intellij-community/commit/9ce5f869de988ee4e164f9f54632ba11c9806e9a,ast rewrite issue
https://youtrack.jetbrains.com/issue/IDEA-144369/Extract-delegate-converts-field-to-foo.field-foo.field-1,Normal,Bug,Fixed,Java. Refactorings,Not specified,142.4347,Not specified,Not specified,10 Feb 2023,1,,unnecessary change,extract delegate,https://github.com/JetBrains/intellij-community/commit/eb50c82b985a090b7c57add19e3a1002f9091782,ast rewrite issue
https://youtrack.jetbrains.com/issue/IDEA-93582/Moving-more-than-one-static-method-at-a-time-leaves-broken-calls-between-them.,Normal,Bug,Fixed,Java. Refactorings,Not specified,122.667,Not specified,Not specified,10 Feb 2023,1,,compile error,move method,https://github.com/JetBrains/intellij-community/commit/75335192ab42d9c71434ae7f48e775d0cc7bcea3,ast rewrite issue
https://youtrack.jetbrains.com/issue/IDEA-93741/Move-static-member-does-not-update-static-imports,Normal,Bug,Fixed,Java. Refactorings,Not specified,122.667,Not specified,Not specified,10 Feb 2023,1,overloaded method,compile error,Move Static Members,https://github.com/JetBrains/intellij-community/commit/5516da73c78277f66419cb05b2a4cbd6d85598d5,flow analysis issue
https://youtrack.jetbrains.com/issue/IDEA-131240/Deleting-an-unused-overloaded-static-method-removes-wrong-static-import,Normal,Bug,Fixed,Java. Refactorings,Not specified,"139.109, 140.164, 140.325",Not specified,Not specified,10 Feb 2023,1,overloaded method,compile error,delete method,https://github.com/JetBrains/intellij-community/commit/f9550d45309bd0e33c1825e70a6999796a303566,flow analysis issue
https://youtrack.jetbrains.com/issue/IDEA-144265/Convert-to-Instance-Method-breaks-assignments-to-instance-variable-when-there-is-a-method-parameter-with-the-same-name,Normal,Bug,Fixed,Java. Refactorings,Not specified,142.4383,Not specified,Not specified,10 Feb 2023,1,,behavior change,convert to instance method,https://github.com/JetBrains/intellij-community/commit/03ab26830f5e9f1ff8712f006917f22fd35124bd,Incorrect Type Resolving
https://youtrack.jetbrains.com/issue/IDEA-131261/Invert-Boolean-works-incorrectly-in-case-of-a-recursive-method,Normal,Bug,Fixed,Java. Refactorings,Not specified,"140.226, 140.325",Not specified,Not specified,10 Feb 2023,1,recursive method,behavior change,invert boolean,https://github.com/JetBrains/intellij-community/commit/cd02a08a010c3b3db34dd5e08c1c6a758cb3ca82,overly weak preconditions
https://youtrack.jetbrains.com/issue/IDEA-81323/Move-method-in-the-class-with-same-name-method,Normal,Bug,Fixed,Java. Refactorings,Not specified,114.105,Not specified,Not specified,10 Feb 2023,1,,compile error,move method,https://github.com/JetBrains/intellij-community/commit/14710359c5f76f65bdb79c4c239907b4250f1aa9,ast rewrite issue
https://youtrack.jetbrains.com/issue/IDEA-81418/Type-migration-issue,Normal,Bug,Fixed,Java. Refactorings,Not specified,"114.124, 138.888",Not specified,Not specified,10 Feb 2023,1,,compile error,type migration,https://github.com/JetBrains/intellij-community/commit/1842922b0a37500f67b199388e10e11fa916b26a;https://github.com/JetBrains/intellij-community/commit/92f10aa629ca8d54e099ec1b38b8e75f2518a9b4,Incorrect Type Resolving
https://youtrack.jetbrains.com/issue/IDEA-81430/Introduce-variable-does-not-insert-this-class-qualifier-in-front-of-field-references,Normal,Bug,Fixed,Java. Refactorings,Not specified,114.129,Not specified,Not specified,10 Feb 2023,1,input options,behavior change,introduce variable,https://github.com/JetBrains/intellij-community/commit/4188ab657c94c5dead5449c0a1ce041c70a5871e,ast rewrite issue
https://youtrack.jetbrains.com/issue/IDEA-81427/Rename-inserts-this-qualifier-before-static-field-reference,Normal,Bug,Fixed,Java. Refactorings,Not specified,114.129,Not specified,Not specified,10 Feb 2023,1,,compile error,rename variable,https://github.com/JetBrains/intellij-community/commit/edbf9c3db050d0a5baeefc6f8ae75b4c3afeb6ab,ast rewrite issue
https://youtrack.jetbrains.com/issue/IDEA-91985/Extract-method-does-not-work-when-a-comment-is-selected-at-the-end-of-the-statements,Normal,Bug,Fixed,Java. Refactorings,Not specified,122.807,Not specified,Not specified,10 Feb 2023,1,comment related,not available,extract method,https://github.com/JetBrains/intellij-community/commit/4347e15507fbdc8709d9b5156a07b64e789e9808,selection parsing issue
https://youtrack.jetbrains.com/issue/IDEA-142867/Refactor-Rename-only-current-method-keeps-Override-annotation,Normal,Bug,Fixed,Java. Refactorings,Not specified,142.4599,Not specified,Not specified,10 Feb 2023,1,annotation,compile error,rename method,https://github.com/JetBrains/intellij-community/commit/5071ef8aeb357abbb30e24d82847349f98d550c7,ast rewrite issue
https://youtrack.jetbrains.com/issue/IDEA-82103/Move-Method-breaks-code,Normal,Bug,Fixed,Java. Refactorings,Not specified,116.7,Not specified,Not specified,10 Feb 2023,1,,compile error,move method,https://github.com/JetBrains/intellij-community/commit/5fa5c0f5985bfc34e167a5d3c5827a8dd035e8c2,ast rewrite issue
https://youtrack.jetbrains.com/issue/IDEA-145512/Missing-import-after-inline-method,Normal,Bug,Fixed,Java. Refactorings,Not specified,142.5161,Not specified,Not specified,10 Feb 2023,1,,compile error,inline method,https://github.com/JetBrains/intellij-community/commit/d9403ffcb7f4ac2d2cd67edf79445232aa085fcc,Incorrect Type Resolving
https://youtrack.jetbrains.com/issue/IDEA-82286/Inline-superclass-breaks-code-on-inlining-interface-into-abstract-class,Normal,Bug,Fixed,Java. Refactorings,Not specified,Not specified,Not specified,Not specified,10 Feb 2023,1,,compile error,inline interface,https://github.com/JetBrains/intellij-community/commit/3c5d7a568d5a1140554e6be9ee28a181241389e2,ast rewrite issue
https://youtrack.jetbrains.com/issue/IDEA-110654/Change-Signature-inserts-unnecessary-new-line-in-comment-block,Normal,Bug,Fixed,Java. Refactorings,Not specified,"134.76, 136.1336",Not specified,Not specified,10 Feb 2023,1,comment related,comment related,change method signature,https://github.com/JetBrains/intellij-community/commit/2bcd0fb291ab0ff7305b128a3ba69949a04b40e0,ast rewrite issue
https://youtrack.jetbrains.com/issue/IDEA-82661/change-type-signature-refactoring-results-in-the-bad-code-when-that-type-is-used-in-the-instanceof,Normal,Bug,Fixed,Java. Refactorings,Not specified,Not specified,Not specified,Not specified,10 Feb 2023,1,instanceof,compile error,change class signature,https://github.com/JetBrains/intellij-community/commit/7bd0e144e9a245222375c6df12c53b425ce64a44,flow analysis issue
https://youtrack.jetbrains.com/issue/IDEA-145795/Inline-method-refactoring-can-change-behavior.,Normal,Bug,Fixed,Java. Refactorings,Not specified,"144.113, 143.656",Not specified,Not specified,10 Feb 2023,1,,behavior change,inline method,https://github.com/JetBrains/intellij-community/commit/4afad1703cfd29ce34a23ccd13a0ec7223ad8bf9,ast rewrite issue
https://youtrack.jetbrains.com/issue/IDEA-146250/Refactoring-variable-out-of-lambda-expression-places-variable-outside-of-the-lambda,Normal,Bug,Fixed,Java. Refactorings,Not specified,"144.272, 143.299",Not specified,Not specified,10 Feb 2023,1,lambda,compile error,extract variable,https://github.com/JetBrains/intellij-community/commit/0b63f8295ccead804ee56982a0acade5156447bf,flow analysis issue
https://youtrack.jetbrains.com/issue/IDEA-117252/Extract-variable-bug,Normal,Bug,Fixed,Java. Refactorings,Not specified,"134.175, 136.1336",Not specified,Not specified,10 Feb 2023,1,foreach;input options,compile error,extract variable,https://github.com/JetBrains/intellij-community/commit/19ac5df6f26287c0710cd3afc0432e251114fa13,Incorrect Type Resolving
https://youtrack.jetbrains.com/issue/IDEA-146332/Extract-method-produces-invalid-code,Normal,Bug,Fixed,Java. Refactorings,Not specified,"144.326, 143.656",Not specified,Not specified,10 Feb 2023,1,try catch,compile error,extract method,https://github.com/JetBrains/intellij-community/commit/cc02620e6df25133d9dcf1c39563b5b66ba482e3,flow analysis issue
https://youtrack.jetbrains.com/issue/IDEA-132706/Extract-method-incorrectly-replaces-break-with-return,Normal,Bug,Fixed,Java. Refactorings,Not specified,"140.563, 139.462, 140.812",Not specified,Not specified,10 Feb 2023,1,,behavior change,extract method,https://github.com/JetBrains/intellij-community/commit/350c0b2a0ac82bbeac8a859b1c7f0ad6c63c8e59,ast rewrite issue
https://youtrack.jetbrains.com/issue/IDEA-133095/Extract-method-refactoring-produces-incorrect-code,Normal,Bug,Fixed,Java. Refactorings,Not specified,"140.622, 140.812",Not specified,Not specified,10 Feb 2023,1,lambda,compile error,extract method,https://github.com/JetBrains/intellij-community/commit/9d9caf96205190e88e1a5be44b9392419f4f5233,flow analysis issue
https://youtrack.jetbrains.com/issue/IDEA-83723/Intruduce-constant-refactoring-fails-on-specific-string,Normal,Bug,Fixed,Java. Refactorings,Not specified,118.13,Not specified,Not specified,10 Feb 2023,1,special string,fail to refactoring,introduce constant,https://github.com/JetBrains/intellij-community/commit/13125689278e41d6e047ca71a88d930bf00746bf,flow analysis issue
https://youtrack.jetbrains.com/issue/IDEA-117634/Unexpected-Type-Migration-warning,Normal,Bug,Fixed,Java. Refactorings,Not specified,134.24,Not specified,Not specified,10 Feb 2023,1,,incorrect warning message,type migration,https://github.com/JetBrains/intellij-community/commit/7cecc22ed36287effa7846a902ef7f6d4d92a054;https://github.com/JetBrains/intellij-community/commit/ba4fcac2a496515007edffd89f2562ec6b0f6e8a,overly strong preconditions
https://youtrack.jetbrains.com/issue/IDEA-146787/Refactor-Extract-constant-places-constant-in-wrong-class,Normal,Bug,Fixed,Java. Refactorings,Not specified,"144.725, 143.656",Not specified,Not specified,10 Feb 2023,1,,compile error,extract constant,https://github.com/JetBrains/intellij-community/commit/2f4fddec5a17a95fe5a0baa708010843ee5cb946,ast rewrite issue
https://youtrack.jetbrains.com/issue/IDEA-83713/Inline-variable-incorrect-result-for-variables-that-are-initialized-by-a-static-method-call,Normal,Bug,Fixed,Java. Refactorings,Not specified,118.149,Not specified,Not specified,10 Feb 2023,1,,compile error,inline variable,https://github.com/JetBrains/intellij-community/commit/c6603783575dc406c4abe97ed2023459ed64c387,ast rewrite issue
https://youtrack.jetbrains.com/issue/IDEA-84207/Refactor-Move-method-bug,Normal,Bug,Fixed,Java. Refactorings,Not specified,118.149,Not specified,Not specified,10 Feb 2023,1,,compile error,move method,https://github.com/JetBrains/intellij-community/commit/6482929c2dde241dfee63af6573a5a58db735240,ast rewrite issue
https://youtrack.jetbrains.com/issue/IDEA-96962/Inline-method-to-super-constructor-call-break-code,Normal,Bug,Fixed,Java. Refactorings,Not specified,124.211,Not specified,Not specified,10 Feb 2023,1,,compile error,inline method,https://github.com/JetBrains/intellij-community/commit/f6e0f4bd7a3c886daddba58cc585bfd430324642,overly weak preconditions
https://youtrack.jetbrains.com/issue/IDEA-97203/Change-constructor-signature-add-Exception-break-code,Normal,Bug,Fixed,Java. Refactorings,Not specified,124.23,Not specified,Not specified,10 Feb 2023,1,,compile error,change method signature,https://github.com/JetBrains/intellij-community/commit/dea70f5fdd099399dbeea45c62f6ae8b401975c4,ast rewrite issue
https://youtrack.jetbrains.com/issue/IDEA-118166/Extracting-a-constant-from-annotation-value-does-not-search-for-the-same-value-within-the-code,Normal,Bug,Fixed,Java. Refactorings,Not specified,"134.347, 134.484",Not specified,Not specified,10 Feb 2023,1,annotation,fail to refactoring,extract constant,https://github.com/JetBrains/intellij-community/commit/0d7a9088b5fe17d76920d502443d0757d1d25d9d,Incorrect Type Resolving
https://youtrack.jetbrains.com/issue/IDEA-147539/Move-Static-Members-refactor-breaks-switch-statements,Normal,Bug,Fixed,Java. Refactorings,Not specified,"144.903, 143.826",Not specified,Not specified,10 Feb 2023,1,switch case,behavior change,Move Static Members,https://github.com/JetBrains/intellij-community/commit/25d3334300900f18fb897b6ee030faafef3a9231,ast rewrite issue
https://youtrack.jetbrains.com/issue/IDEA-146900/Make-method-static-with-delegation-breaks-code,Normal,Bug,Fixed,Java. Refactorings,Not specified,"144.646, 143.656",Not specified,Not specified,10 Feb 2023,1,,compile error,make method static,https://github.com/JetBrains/intellij-community/commit/40db0beb8de23768a64bb7a4c2a2cdc20ed45470,ast rewrite issue
https://youtrack.jetbrains.com/issue/IDEA-85307/Extract-constant-in-interface-adds-private-modifier-to-generated-constant,Normal,Bug,Fixed,Java. Refactorings,Not specified,118.325,Not specified,Not specified,10 Feb 2023,1,,compile error,extract constant,https://github.com/JetBrains/intellij-community/commit/e165e269af3e956a2ad92985d6e661f6925279db,ast rewrite issue
https://youtrack.jetbrains.com/issue/IDEA-133947/Replace-with-lambda-refactoring-doesnt-take-synchronized-into-account,Normal,Bug,Fixed,Java. Refactorings,Not specified,"140.970, 140.1021, 139.758",Not specified,Not specified,10 Feb 2023,1,lambda,behavior change,replace with lambda,https://github.com/JetBrains/intellij-community/commit/e90b046aa4ba2460a84d46bb8a03b370cd65b8f8,overly weak preconditions
https://youtrack.jetbrains.com/issue/IDEA-146229/parameter-name-in-interface-method-is-not-renamed,Normal,Bug,Fixed,Java. Refactorings,Not specified,144.1005,Not specified,Not specified,10 Feb 2023,1,,fail to refactoring,rename field,https://github.com/JetBrains/intellij-community/commit/05bf2e75165cee3170e71a3dd6dcc2c852c545ff,ast rewrite issue
https://youtrack.jetbrains.com/issue/IDEA-97902/Inline-conditional-expression.-unnecessary-cast-to-boolean,Normal,Bug,Fixed,Java. Refactorings,Not specified,124.376,Not specified,Not specified,10 Feb 2023,1,java ternary conditional,unnecessary change,inline variable,https://github.com/JetBrains/intellij-community/commit/c66e1c07b8fb43b1a11b0fbc139ca9f6055f7be3,ast rewrite issue
https://youtrack.jetbrains.com/issue/IDEA-147535/refactor-deleting-a-method-argument-retains-javadocs-of-deleted-argument,Normal,Bug,Fixed,Java. Refactorings,Not specified,"144.903, 143.826",Not specified,Not specified,10 Feb 2023,1,comment related,comment related,change method signature,https://github.com/JetBrains/intellij-community/commit/a6bd93a9c79836004c1f6a7076af49f6d79e5df4,ast rewrite issue
https://youtrack.jetbrains.com/issue/IDEA-98396/Extract-method-insert-casts-in-duplicated-usages,Normal,Bug,Fixed,Java. Refactorings,Not specified,124.42,Not specified,Not specified,10 Feb 2023,1,input options;instanceof,compile error,extract method,https://github.com/JetBrains/intellij-community/commit/7228521cd171ca76cc24ecc4cb1c9d9529e12fd2,ast rewrite issue
https://youtrack.jetbrains.com/issue/IDEA-97682/Extract-constant-fails-for-Strings-which-contain-XPath-expressions,Normal,Bug,Fixed,Java. Refactorings,Not specified,124.29,Not specified,Not specified,10 Feb 2023,1,special string,crash,extract constant,https://github.com/JetBrains/intellij-community/commit/f038ae950e06e3de761362bf6788b870ff038415,selection parsing issue
https://youtrack.jetbrains.com/issue/IDEA-97001/Couldnt-finish-Introduce-Field-refactoring,Normal,Bug,Fixed,Java. Refactorings,Not specified,124.23,Not specified,Not specified,10 Feb 2023,1,,crash,introduce field,https://github.com/JetBrains/intellij-community/commit/6391d81307f1946e98a3abe6f8e7620603b8820c,Incorrect Type Resolving
https://youtrack.jetbrains.com/issue/IDEA-133700/Wrong-result-of-Inline-Refactor,Normal,Bug,Fixed,Java. Refactorings,Not specified,"140.900, 139.676, 140.951",Not specified,Not specified,10 Feb 2023,1,,behavior change,inline method,https://github.com/JetBrains/intellij-community/commit/5cfd7bb6814a7fff08b047480564f6098acc5c40,ast rewrite issue
https://youtrack.jetbrains.com/issue/IDEA-152098/Extract-parameter-object-when-existing-class-used-replaces-parameters-with-wrong-getters,Normal,Bug,Fixed,Java. Refactorings,Not specified,146.192,Not specified,Not specified,10 Feb 2023,1,,behavior change,extract parameter object,https://github.com/JetBrains/intellij-community/commit/7a0ae14c434c269d39e4d7c25ff661415a8e96e1,flow analysis issue
https://youtrack.jetbrains.com/issue/IDEA-152114/Change-signature-warns-but-not-change-method-reference-to-lambda,Normal,Bug,Fixed,Java. Refactorings,Not specified,"146.158, 145.132",Not specified,Not specified,10 Feb 2023,1,lambda,compile error,change method signature,https://github.com/JetBrains/intellij-community/commit/aa00a3b1ba2939d22defb183f21f586853a63cef,flow analysis issue
https://youtrack.jetbrains.com/issue/IDEA-152294/Introducing-parameters-breaks-code,Normal,Bug,Fixed,Java. Refactorings,Not specified,146.276,Not specified,Not specified,10 Feb 2023,1,,compile error,introduce parameter,https://github.com/JetBrains/intellij-community/commit/32dd35be57e2f149068d483ee343125720a133b6,ast rewrite issue
https://youtrack.jetbrains.com/issue/IDEA-152334/Refactor-Extract-Method-leads-to-Variable-...-is-already-defined-in-the-scope,Normal,Bug,Fixed,Java. Refactorings,Not specified,"146.304, 145.546",Not specified,Not specified,10 Feb 2023,1,annotation,compile error,extract method,https://github.com/JetBrains/intellij-community/commit/5673683e95f7d048b8ad47ea7b3d673a22b375bb,flow analysis issue
https://youtrack.jetbrains.com/issue/IDEA-151960/Unable-to-inline-variable-used-in-lambda,Normal,Bug,Fixed,Java. Refactorings,Not specified,"146.158, 145.132",Not specified,Not specified,10 Feb 2023,1,lambda,incorrect warning message,inline variable,https://github.com/JetBrains/intellij-community/commit/af1a898ee882ad5e2e779e62ec01eed4c1c56aa1,flow analysis issue
https://youtrack.jetbrains.com/issue/IDEA-86007/Inline-Class-does-not-add-braces-to-if-statements-when-they-are-needed,Normal,Bug,Fixed,Java. Refactorings,Not specified,118.484,Not specified,Not specified,10 Feb 2023,1,,behavior change,inline class,https://github.com/JetBrains/intellij-community/commit/56311ae33e2cf3dc0d63b6e6bdde1414cd9ef491,ast rewrite issue
https://youtrack.jetbrains.com/issue/IDEA-119021/Wrong-accessibility-warnings-when-inlining-a-static-class-to-anonymous,Normal,Bug,Fixed,Java. Refactorings,Not specified,"134.640, 134.756",Not specified,Not specified,10 Feb 2023,1,,incorrect warning message,inline class,https://github.com/JetBrains/intellij-community/commit/fbb0fd6132bc0967699c0abf489274c34d96c361,overly weak preconditions
https://youtrack.jetbrains.com/issue/IDEA-152481/Inline-super-class-applied-to-interface-tries-to-modify-constructor,Normal,Bug,Fixed,Java. Refactorings,Not specified,146.348,Not specified,Not specified,10 Feb 2023,1,,compile error,inline class,https://github.com/JetBrains/intellij-community/commit/3cd6b264233db374e55bf1787f75aca71031fab1,flow analysis issue
https://youtrack.jetbrains.com/issue/IDEA-152583/Inline-super-class-refactoring-confused-by-method-with-array-creation-shows-constructor-warning,Normal,Bug,Fixed,Java. Refactorings,Not specified,146.37,Not specified,Not specified,10 Feb 2023,1,,incorrect warning message,inline class,https://github.com/JetBrains/intellij-community/commit/84f7bc13b88faece0da83c9af920adf913e378f8,ast rewrite issue
https://youtrack.jetbrains.com/issue/IDEA-151634/Invert-Boolean-incorrectly-modifies-boolean-variable-of-enhanced-FOR-cycle,Normal,Bug,Fixed,Java. Refactorings,Not specified,"146.58, 145.546",Not specified,Not specified,10 Feb 2023,1,foreach,behavior change,invert boolean,https://github.com/JetBrains/intellij-community/commit/3537458aa386f9048676e5eff5c60bbc9fcac9aa,overly weak preconditions
https://youtrack.jetbrains.com/issue/IDEA-151809/No-warning-when-Pull-Up-method-to-the-interface-dependent-on-the-instance-variable,Normal,Bug,Fixed,Java. Refactorings,Not specified,"146.58, 145.546",Not specified,Not specified,10 Feb 2023,1,input options,compile error,pull up method,https://github.com/JetBrains/intellij-community/commit/e1f2670f5afb003d264f131d31e9850dade53b2d,overly weak preconditions
https://youtrack.jetbrains.com/issue/IDEA-152600/Inline-variable-which-represent-functional-reference-breaks-method-refence,Normal,Bug,Fixed,Java. Refactorings,Not specified,146.37,Not specified,Not specified,10 Feb 2023,1,method reference,compile error,inline variable,https://github.com/JetBrains/intellij-community/commit/e6a5fc8f31273f918e16f48a5408aae95ac43016,ast rewrite issue
https://youtrack.jetbrains.com/issue/IDEA-86639/Erroneous-behavior-when-inlining-parent-interfaces,Normal,Bug,Fixed,Java. Refactorings,Not specified,118.537,Not specified,Not specified,10 Feb 2023,1,,compile error,inline interface,https://github.com/JetBrains/intellij-community/commit/4c730104a876c9e02679f1ce96e7c7a7e2d2c06f,ast rewrite issue
https://youtrack.jetbrains.com/issue/IDEA-134349/Create-Local-Variable-does-not-make-variable-final-though-selected-and-required,Normal,Bug,Fixed,Java. Refactorings,Not specified,"140.1162, 140.1166, 139.1003",Not specified,Not specified,10 Feb 2023,1,input options,compile error,extract variable,https://github.com/JetBrains/intellij-community/commit/02e43742537ec3a7ce7c35bb8148e7bff3277459,others
https://youtrack.jetbrains.com/issue/IDEA-86870/Push-Members-Down-for-implements-element-loses-generic-parameters,Normal,Bug,Fixed,Java. Refactorings,Not specified,118.576,Not specified,Not specified,10 Feb 2023,1,java generics,behavior change,push members down,https://github.com/JetBrains/intellij-community/commit/95733028b58bebf2247d4bab4a9fea139be0c820,ast rewrite issue
https://youtrack.jetbrains.com/issue/IDEA-152105/Inline-method-doesnt-apply-to-comments-and-search-string,Normal,Bug,Fixed,Java. Refactorings,Not specified,Not specified,Not specified,Not specified,10 Feb 2023,1,comment related,comment related,inline method,,
https://youtrack.jetbrains.com/issue/IDEA-152822/Replace-Constructor-with-Factory-Method-refactoring-should-warn-when-method-is-already-present,Normal,Bug,Fixed,Java. Refactorings,Not specified,"146.524, 145.546",Not specified,Not specified,10 Feb 2023,1,,compile error,Replace Constructor with Factory Method,https://github.com/JetBrains/intellij-community/commit/ad19b800f92307861b67753cecfbedc22373d856,overly weak preconditions
https://youtrack.jetbrains.com/issue/IDEA-135083/Extract-variable-from-expression-lambda-and-changing-name-breaks-code,Normal,Bug,Fixed,Java. Refactorings,Not specified,"140.1813, 140.2032",Not specified,Not specified,10 Feb 2023,1,lambda,compile error,extract variable,https://github.com/JetBrains/intellij-community/commit/111f487f7e0d078d4d389df37775c387a0a0af58,ast rewrite issue
https://youtrack.jetbrains.com/issue/IDEA-152514/Invert-boolean-works-incorrectly-with-final-fields,Normal,Bug,Fixed,Java. Refactorings,Not specified,"146.348, 145.546",Not specified,Not specified,10 Feb 2023,1,,compile error,invert boolean,https://github.com/JetBrains/intellij-community/commit/e836aa498028125decb9a6ff6748d7262c083808,ast rewrite issue
https://youtrack.jetbrains.com/issue/IDEA-87191/Pull-Members-Up-refactor-fails-to-merge-superinterfaces,Normal,Bug,Fixed,Java. Refactorings,Not specified,118.633,Not specified,Not specified,10 Feb 2023,1,,compile error,pull members up,https://github.com/JetBrains/intellij-community/commit/da14fb5c428734fb0deacc8bb96a55c9c858ae6d,ast rewrite issue
https://youtrack.jetbrains.com/issue/IDEA-87320/Extract-Method-creates-conflicting-local-variable,Normal,Bug,Fixed,Java. Refactorings,Not specified,Not specified,Not specified,Not specified,10 Feb 2023,1,,compile error,extract method,,
https://youtrack.jetbrains.com/issue/IDEA-87461/Dont-introduce-variable-from-last-segments-of-qualified-expressions,Normal,Bug,Fixed,Java. Refactorings,Not specified,Not specified,Not specified,Not specified,10 Feb 2023,1,,behavior change,introduce variable,https://github.com/JetBrains/intellij-community/commit/2d257630389eb866ff777648b5403506c6942f02,overly weak preconditions
https://youtrack.jetbrains.com/issue/IDEA-135610/Inline-variable-doesnt-work-in-special-case,Normal,Bug,Fixed,Java. Refactorings,Not specified,"140.2013, 140.2032",Not specified,Not specified,10 Feb 2023,1,,incorrect warning message,inline variable,https://github.com/JetBrains/intellij-community/commit/a94175f4f8d771d939e09f64b2da907d4f464965,flow analysis issue
https://youtrack.jetbrains.com/issue/IDEA-153700/Inline-variable-with-2-dimension-array-produces-uncompilable-code,Normal,Bug,Fixed,Java. Refactorings,Not specified,146.923,Not specified,Not specified,10 Feb 2023,1,multi dimension array,compile error,inline variable,https://github.com/JetBrains/intellij-community/commit/bb5a0f66e9e1b588a56690a40cd004c8a48dc0fe,overly weak preconditions
https://youtrack.jetbrains.com/issue/IDEA-87521/Change-Signature-refactoring-doesnt-keep-existing-parameter-javadoc,Normal,Bug,Fixed,Java. Refactorings,Not specified,Not specified,Not specified,Not specified,10 Feb 2023,1,comment related,comment related,change method signature,https://github.com/JetBrains/intellij-community/commit/51b6f9e052fde0558f8a8b6cb10ba09e444a5cd8,ast rewrite issue
https://youtrack.jetbrains.com/issue/IDEA-87543/Pull-Members-Up-fails-when-class-type-parameters-are-aliased-with-superclass-type-parameters,Normal,Bug,Fixed,Java. Refactorings,Not specified,118.696,Not specified,Not specified,10 Feb 2023,1,,behavior change,pull members up,https://github.com/JetBrains/intellij-community/commit/4b5ba694dc43153234d58b1462c1b2bfea56dce3,ast rewrite issue
https://youtrack.jetbrains.com/issue/IDEA-131841/Issue-in-refractorencapsulate-field-when-using-increment-operator-on-a-member,Normal,Bug,Fixed,Java. Refactorings,Not specified,140.2032,Not specified,Not specified,10 Feb 2023,1,,compile error,encapsulate field,https://github.com/JetBrains/intellij-community/commit/19210dd1b5d9ec098687e2b523af722127c4ca8e,overly weak preconditions
https://youtrack.jetbrains.com/issue/IDEA-153692/Refactror.-Extract-method-generates-code-with-error.,Normal,Bug,Fixed,Java. Refactorings,Not specified,146.1022,Not specified,Not specified,10 Feb 2023,1,this,compile error,extract method,https://github.com/JetBrains/intellij-community/commit/1e754b557981bee66346f6239327716a5adbfb8b,ast rewrite issue
https://youtrack.jetbrains.com/issue/IDEA-153667/Reassing-to-existing-variable-not-removing-final-modifier,Normal,Bug,Fixed,Java. Refactorings,Not specified,146.1022,Not specified,Not specified,10 Feb 2023,1,,compile error,extract variable,https://github.com/JetBrains/intellij-community/commit/43e3e4f6bb630457a6f0e662dbed811420c7806f,ast rewrite issue
https://youtrack.jetbrains.com/issue/IDEA-83831/rename...-silently-replaces-one-method-with-another,Normal,Bug,Fixed,Java. Refactorings,Not specified,118.136,Not specified,Not specified,10 Feb 2023,1,,exception,rename method,https://github.com/JetBrains/intellij-community/commit/255dbc2c49de2a51e25f21617b4e63ed077349e7;https://github.com/JetBrains/intellij-community/commit/00f361600ba402086c0c33a82102390e0b27d9b7,overly weak preconditions
https://youtrack.jetbrains.com/issue/IDEA-152851/Extract-Method-Object-incompilable-result-in-case-of-this-and-super-and-anonymous-class-creation,Normal,Bug,Fixed,Java. Refactorings,Not specified,146.524,Not specified,Not specified,10 Feb 2023,1,lambda,compile error,extract method,https://github.com/JetBrains/intellij-community/commit/e09b0fca1ef35698b0417dac325901c1a3aee20f,ast rewrite issue
https://youtrack.jetbrains.com/issue/IDEA-149230/IDEA-is-unable-to-inline-super-class-in-method-with-generic-restriction,Normal,Bug,Fixed,Java. Refactorings,Not specified,144.2637,Not specified,Not specified,10 Feb 2023,1,java generics,fail to refactoring,inline class,https://github.com/JetBrains/intellij-community/commit/b9b85cca9dde49fe34d25b8ee8c5dc14ced4284a,ast rewrite issue
https://youtrack.jetbrains.com/issue/IDEA-87654/Extract-method-fails-to-detect-input-variable-if-code-fragment-is-located-in-unreachable-else-branch,Normal,Bug,Fixed,Java. Refactorings,Not specified,120.28,Not specified,Not specified,10 Feb 2023,1,dead code block,compile error,extract method,https://github.com/JetBrains/intellij-community/commit/961086a6d1dc2882c38c4b752267db41aec91816,flow analysis issue
https://youtrack.jetbrains.com/issue/IDEA-154669/Change-signature-should-remove-Override-when-refactor-only-current-method,Normal,Bug,Fixed,Java. Refactorings,Not specified,146.1254,Not specified,Not specified,10 Feb 2023,1,annotation,compile error,change method signature,https://github.com/JetBrains/intellij-community/commit/2a9a2e65681faa7fbb2e88142f346d0a1707d9bb,ast rewrite issue
https://youtrack.jetbrains.com/issue/IDEA-154628/Incorrect-constructor-...-will-become-inaccessible-...-warning-during-refactoring,Normal,Bug,Fixed,Java. Refactorings,Not specified,146.1273,Not specified,Not specified,10 Feb 2023,1,,incorrect warning message,Move class to upper level,https://github.com/JetBrains/intellij-community/commit/4c47e35b31d453f2cc92416e357ba10620cfaf55,overly strong preconditions
https://youtrack.jetbrains.com/issue/IDEA-88471/Move-instance-method-can-generate-bad-code-when-moving-to-an-interface,Normal,Bug,Fixed,Java. Refactorings,Not specified,120.97,Not specified,Not specified,10 Feb 2023,1,input options,compile error,move method,https://github.com/JetBrains/intellij-community/commit/b47bf7ece188d892fc5122cbab57f4ab39bebfe5,overly weak preconditions
https://youtrack.jetbrains.com/issue/IDEA-88758/Dont-extract-variable-where-its-impossible,Normal,Bug,Fixed,Java. Refactorings,Not specified,120.13,Not specified,Not specified,10 Feb 2023,1,,compile error,extract variable,https://github.com/JetBrains/intellij-community/commit/7de8a25c0b1b4f4434136dc1001b7718eedefaf5,overly weak preconditions
https://youtrack.jetbrains.com/issue/IDEA-154614/Rename-Class-refactoring-does-not-work-for-classes-with-inheriotors-with-lombok.NoArgsConstructor,Normal,Bug,Fixed,Java. Refactorings,Not specified,146.1298,Not specified,Not specified,10 Feb 2023,1,annotation,exception,rename class,https://github.com/JetBrains/intellij-community/commit/b701c2987512728b7cc1e30a991bcb3a03d490b9,flow analysis issue
https://youtrack.jetbrains.com/issue/IDEA-150138/Refactoring-functional-interface-signatures,Normal,Bug,Fixed,Java. Refactorings,Not specified,144.3007,Not specified,Not specified,10 Feb 2023,1,functional interface,incorrect warning message,change method signature,https://github.com/JetBrains/intellij-community/commit/b56e7e0c20e5d851154e7142daf0e38a296b77e9;https://github.com/JetBrains/intellij-community/commit/3fd8dfd38c619b257334e83e6540b4e9372ea7a6,ast rewrite issue
https://youtrack.jetbrains.com/issue/IDEA-82043/change-signature-quick-fix-corrupts-text,Normal,Bug,Fixed,Java. Refactorings,Not specified,120.119,Not specified,Not specified,10 Feb 2023,1,annotation,compile error,change method signature,https://github.com/JetBrains/intellij-community/commit/83e19911839d219cc7e8fce3ad39cc07ecaae691,ast rewrite issue
https://youtrack.jetbrains.com/issue/IDEA-155147/move-method-breaks-method-reference-and-results-in-compile-error,Normal,Bug,Fixed,Java. Refactorings,Not specified,146.1501,Not specified,Not specified,10 Feb 2023,1,,compile error,move method,https://github.com/JetBrains/intellij-community/commit/35a27be9303c03396ad58423202f56722fbd42e7,ast rewrite issue
https://youtrack.jetbrains.com/issue/IDEA-155004/Unwrap-try-deletes-also-resources-section,Normal,Bug,Fixed,Java. Refactorings,Not specified,146.1422,Not specified,Not specified,10 Feb 2023,1,try-with-resources,compile error,unwarp try,https://github.com/JetBrains/intellij-community/commit/38335c63874c3df035c5518d92fd91c5fd8d78f4,ast rewrite issue
https://youtrack.jetbrains.com/issue/IDEA-151756/Pull-member-Up-refactoring-seems-work-incorrectly-for-interface-extention,Normal,Bug,Fixed,Java. Refactorings,Not specified,146.1533,Not specified,Not specified,10 Feb 2023,1,input options,behavior change,pull members up,https://github.com/JetBrains/intellij-community/commit/1dc6f156cf920285b256ccd0998b1f8bccfdd0ce,ast rewrite issue
https://youtrack.jetbrains.com/issue/IDEA-103174/JDK-1.8-Type-Annotations-Change-Signature-Refactoring-allows-adding-annotations-shows-them-in-preview-but-doesnt-actually-add,Normal,Bug,Fixed,Java. Refactorings,Not specified,"136.1167, 136.1336",Not specified,Not specified,10 Feb 2023,1,annotation,fail to refactoring,change method signature,https://github.com/JetBrains/intellij-community/commit/2805c474e359c3086557bc6c508ed07192db63bf,ast rewrite issue
https://youtrack.jetbrains.com/issue/IDEA-111017/Pull-Members-Up-Push-Members-Down-Refactorings-applied-to-an-interface-could-warn-about-the-interface-usages-as-anonymous,Normal,Bug,Fixed,Java. Refactorings,Not specified,136.1561,Not specified,Not specified,10 Feb 2023,1,,compile error,Pull Members Up,,
https://youtrack.jetbrains.com/issue/IDEA-151942/Problems-with-Pulling-Up-method-of-Inner-class,Normal,Bug,Fixed,Java. Refactorings,Not specified,146.1533,Not specified,Not specified,10 Feb 2023,1,,compile error,Pull Members Up,https://github.com/JetBrains/intellij-community/commit/0936ad00fd3e7d1d33e8fb3ff384aa6b05e9df0a,overly strong preconditions
https://youtrack.jetbrains.com/issue/IDEA-152173/Inline-method-refactoring-allows-to-inline-instance-method-into-static-one,Normal,Bug,Fixed,Java. Refactorings,Not specified,146.1533,Not specified,Not specified,10 Feb 2023,1,static method,compile error,inline method,https://github.com/JetBrains/intellij-community/commit/8822f1e267fae513206e6ebcdffbc3af410a9c60,overly weak preconditions
https://youtrack.jetbrains.com/issue/IDEA-152175/Need-to-warn-when-Inline-and-delete-method-overridden-in-descendants,Normal,Bug,Fixed,Java. Refactorings,Not specified,146.1533,Not specified,Not specified,10 Feb 2023,1,annotation,compile error,inline method,https://github.com/JetBrains/intellij-community/commit/66248de9e43880553c97e8efaed87da7e243e891,flow analysis issue
https://youtrack.jetbrains.com/issue/IDEA-152181/Inline-method-tries-to-inline-private-field,Normal,Bug,Fixed,Java. Refactorings,Not specified,146.1546,Not specified,Not specified,10 Feb 2023,1,,compile error,inline method,https://github.com/JetBrains/intellij-community/commit/4f649256bc147f93a58f78af6a9e12c22780999a,overly weak preconditions
https://youtrack.jetbrains.com/issue/IDEA-152386/Change-method-signature-works-incorrectly-with-method-references-when-adding-exception,Normal,Bug,Fixed,Java. Refactorings,Not specified,146.158,Not specified,Not specified,10 Feb 2023,1,,compile error,change method signature,https://github.com/JetBrains/intellij-community/commit/bebf4975e6c7c0899a3d738aa7b6c179dcd67266,flow analysis issue
https://youtrack.jetbrains.com/issue/IDEA-155518/Extract-method-leaves-fully-qualified-name,Normal,Bug,Fixed,Java. Refactorings,Not specified,146.1713,Not specified,Not specified,10 Feb 2023,1,,compile error,extract method,https://github.com/JetBrains/intellij-community/commit/9b9a8d40515e86d53938b585f1570fe211989722,ast rewrite issue
https://youtrack.jetbrains.com/issue/IDEA-150149/CtrlF6-Change-Class-Signature-can-generate-syntax-errors-when-adding-generic-type-arguments,Normal,Bug,Fixed,Java. Refactorings,Not specified,144.3489,Not specified,Not specified,10 Feb 2023,1,java generics,compile error,change class signature,https://github.com/JetBrains/intellij-community/commit/4cd38d818d5f28e401cd0bb3e00751e02cec372a,flow analysis issue
https://youtrack.jetbrains.com/issue/IDEA-104286/Change-Signature-Refactoring-to-functional-interface-should-affect-lambda-expressions,Normal,Bug,Fixed,Java. Refactorings,Not specified,"136.1544, 135.690",Not specified,Not specified,10 Feb 2023,1,functional interface,compile error,change method interface,https://github.com/JetBrains/intellij-community/commit/ec1d4927bddec4275d9bf0ceb163a63003439a21,flow analysis issue
https://youtrack.jetbrains.com/issue/IDEA-155581/Push-down-refactoring-may-create-uncompilable-code-for-bounded-wildcard-generics,Normal,Bug,Fixed,Java. Refactorings,Not specified,146.1713,Not specified,Not specified,10 Feb 2023,1,java generics,compile error,Push members down,https://github.com/JetBrains/intellij-community/commit/5965c21f4486acfe3889fde55d9e3aca4e0b131c,ast rewrite issue
https://youtrack.jetbrains.com/issue/IDEA-155578/Push-members-down-no-warning-when-move-generic-method-to-not-parametrized-super-class,Normal,Bug,Fixed,Java. Refactorings,Not specified,146.1713,Not specified,Not specified,10 Feb 2023,1,java generics,compile error,Push members down,https://github.com/JetBrains/intellij-community/commit/efa0c5c53b2192fa6caf69b67efb6aa32c9f7a0e,overly weak preconditions
https://youtrack.jetbrains.com/issue/IDEA-155596/Push-members-down-JavaDoc-As-is-option-always-copy-comments-of-interfaces,Normal,Bug,Fixed,Java. Refactorings,Not specified,146.1713,Not specified,Not specified,10 Feb 2023,1,comment related;input options,comment related,Push members down,https://github.com/JetBrains/intellij-community/commit/1a70d8bcbd858b032639dd2206f01f8eb1cfe678,ast rewrite issue
https://youtrack.jetbrains.com/issue/IDEA-155600/Push-members-down-do-not-remove-Override-when-default-method-conflict-with-class-implementation,Normal,Bug,Fixed,Java. Refactorings,Not specified,146.1713,Not specified,Not specified,10 Feb 2023,1,annotation,behavior change,Push members down,https://github.com/JetBrains/intellij-community/commit/c9f72daaff0e26bdfc7e740322b5e7edc756a1bb,ast rewrite issue
https://youtrack.jetbrains.com/issue/IDEA-119700/Javadoc-Silently-Deleted-During-Refactoring,Normal,Bug,Fixed,Java. Refactorings,Not specified,"138.343, 138.441",Not specified,Not specified,10 Feb 2023,1,comment related,comment related,change method signature,https://github.com/JetBrains/intellij-community/commit/8a80f671c2ea7cb0206a9adf52c654aa56b59811,ast rewrite issue
https://youtrack.jetbrains.com/issue/IDEA-153148/lambda-parameter-name-is-not-suggested-to-be-renamed-with-the-class,Normal,Bug,Fixed,Java. Refactorings,Not specified,162.181,Not specified,Not specified,10 Feb 2023,1,lambda,fail to refactoring,rename class,https://github.com/JetBrains/intellij-community/commit/738aa6428722c5b3c5290a209b0fa0f44475e3a2,flow analysis issue
https://youtrack.jetbrains.com/issue/IDEA-152837/Need-casting-for-inlined-variables,Normal,Bug,Fixed,Java. Refactorings,Not specified,"146.1615, 145.1522",Not specified,Not specified,10 Feb 2023,1,,compile error,inline variable,https://github.com/JetBrains/intellij-community/commit/23113360f127123b37ac5f1696b64b4260ee7fc6,ast rewrite issue
https://youtrack.jetbrains.com/issue/IDEA-152883/Non-required-cast-when-inline-this-reference-inside-local-class,Minor,Bug,Fixed,Java. Refactorings,Not specified,"146.828, 145.739",Not specified,Not specified,10 Feb 2023,1,local class,unnecessary change,inline variable,https://github.com/JetBrains/intellij-community/commit/ca2921eb6ef57f9493b91e4b2f4b8e4362446f49,ast rewrite issue
https://youtrack.jetbrains.com/issue/IDEA-153254/Conversion-from-anonymous-class-to-lambda-could-lead-to-forward-reference-issue,Normal,Bug,Fixed,Java. Refactorings,Not specified,"146.700, 145.616",Not specified,Not specified,10 Feb 2023,1,lambda,compile error,replace with lambda,https://github.com/JetBrains/intellij-community/commit/6daac099e679ef35a859ea84938435102a35bdb2,overly weak preconditions
https://youtrack.jetbrains.com/issue/IDEA-91421/JDK-1.8-Inline-Refactoring-confusing-message-is-shown-on-attempt-to-inline-a-variable-defined-in-a-lambda-and-accessed-for,Normal,Bug,Fixed,Java. Refactorings,Not specified,122.342,Not specified,Not specified,10 Feb 2023,1,lambda,incorrect warning message,inline variable,https://github.com/JetBrains/intellij-community/commit/2c5beb00d0084603cf18123483d177fb5d05416d,flow analysis issue
https://youtrack.jetbrains.com/issue/IDEA-90950/JDK-1.8-Inline-Refactoring-is-available-for-a-lambda-parameter-but-does-nothing,Normal,Bug,Fixed,Java. Refactorings,Not specified,122.289,Not specified,Not specified,10 Feb 2023,1,lambda,fail to refactoring,inline class,https://github.com/JetBrains/intellij-community/commit/42a97044c5d3f953fab726d73c30c87d7a9714f5,overly weak preconditions
https://youtrack.jetbrains.com/issue/IDEA-98290/Refactor-Extract-Method-Object-invalid-resulting-code-for-extracting-from-static-method-with-processing-duplicates,Normal,Bug,Fixed,Java. Refactorings,Not specified,124.41,Not specified,Not specified,10 Feb 2023,1,input options;static method,compile error,extract method,https://github.com/JetBrains/intellij-community/commit/e47dc7accbdc9e4edb717a0962c5264402834469,Incorrect Type Resolving
https://youtrack.jetbrains.com/issue/IDEA-91061/JDK-1.8-Inline-Refactoring-doesnt-allow-to-inline-local-variables-to-lambdas,Normal,Bug,Fixed,Java. Refactorings,Not specified,122.305,Not specified,Not specified,10 Feb 2023,1,lambda,fail to refactoring,inline variable,https://github.com/JetBrains/intellij-community/commit/7a15a26cf2fb6ce2acf36033423dac2d3d764dae,flow analysis issue
https://youtrack.jetbrains.com/issue/IDEA-91065/JDK-1.8-Wrap-Method-Return-Value-Refactoring-produced-invalid-code-if-return-value-is-a-lambda-with-return-statement,Normal,Bug,Fixed,Java. Refactorings,Not specified,122.305,Not specified,Not specified,10 Feb 2023,1,lambda,compile error,Wrap Method Return Value,https://github.com/JetBrains/intellij-community/commit/a06512b331af2bfb2cf8cd27967c79465ede8470,ast rewrite issue
https://youtrack.jetbrains.com/issue/IDEA-90879/JDK-1.8-Inline-Refactoring-should-handle-lambdas-properly,Normal,Bug,Fixed,Java. Refactorings,Not specified,122.289,Not specified,Not specified,10 Feb 2023,1,lambda,behavior change,inline variable,https://github.com/JetBrains/intellij-community/commit/25456a1938d6b7f7b639a94079a890443f62f3de,ast rewrite issue
https://youtrack.jetbrains.com/issue/IDEA-91371/JDK-1.8-Inline-Refactoring-doesnt-allow-to-inline-a-variable-declared-in-a-lambda,Normal,Bug,Fixed,Java. Refactorings,Not specified,122.335,Not specified,Not specified,10 Feb 2023,1,lambda,incorrect warning message,inline variable,https://github.com/JetBrains/intellij-community/commit/2bdd12295500ecf9eecc032e10c3750546f0e7b5;https://github.com/JetBrains/intellij-community/commit/9ddff21a9c31fb97af352845228bf1fed1fe9a75,flow analysis issue
https://youtrack.jetbrains.com/issue/IDEA-91122/JDK-1.8-Extract-Variable-Refactoring-applied-to-one-line-expression-lambda-code-that-references-lambda-parameters-adds-new,Normal,Bug,Fixed,Java. Refactorings,Not specified,122.305,Not specified,Not specified,10 Feb 2023,1,lambda,compile error,extract variable,https://github.com/JetBrains/intellij-community/commit/614b14316bbd432af050994e1a95bd3398f6f6b7;https://github.com/JetBrains/intellij-community/commit/a8ea5d4deb6b4a0879cce947b738d18464aede8d,ast rewrite issue
https://youtrack.jetbrains.com/issue/IDEA-91126/JDK-1.8-Inline-a-void-method-to-an-one-line-expression-lambda-inlines-the-method-to-wrong-place,Normal,Bug,Fixed,Java. Refactorings,Not specified,122.305,Not specified,Not specified,10 Feb 2023,1,lambda,compile error,inline method,https://github.com/JetBrains/intellij-community/commit/51aa69e8da501827caae8382348e08ac62dd1548,ast rewrite issue
https://youtrack.jetbrains.com/issue/IDEA-91150/JDK-1.8-Inline-Field-Refactoring-applied-to-a-lambda-field-doesnt-insert-cast,Normal,Bug,Fixed,Java. Refactorings,Not specified,122.305,Not specified,Not specified,10 Feb 2023,1,lambda,compile error,inline field,https://github.com/JetBrains/intellij-community/commit/9f014974eb636c466bab91c8822ef5a820126e5d,ast rewrite issue
https://youtrack.jetbrains.com/issue/IDEA-151440/No-Move-Members-refactoring-warning-when-move-will-hide-existing-member,Normal,Bug,Fixed,Java. Refactorings,Not specified,"146.1, 145.546",Not specified,Not specified,10 Feb 2023,1,,behavior change,move method,https://github.com/JetBrains/intellij-community/commit/bf226f58ab2945a932c85000d9c5351c9fc37869,overly weak preconditions
https://youtrack.jetbrains.com/issue/IDEA-91679/JDK-1.8-Pull-Members-Up-Refactoring-incorrectly-pulls-default-methods,Normal,Bug,Fixed,Java. Refactorings,Not specified,122.382,Not specified,Not specified,10 Feb 2023,1,,compile error,Pull Members Up,https://github.com/JetBrains/intellij-community/commit/908de0d6a29002f566cf859796e91f3193b18063;https://github.com/JetBrains/intellij-community/commit/b12e3b2b7e5e3807be506d4406ecd7dad194963c,ast rewrite issue
https://youtrack.jetbrains.com/issue/IDEA-78519/move-method-refactoring-introduces-error-for-overloaded-methods,Normal,Bug,Fixed,Java. Refactorings,Not specified,112.18,Not specified,Not specified,10 Feb 2023,1,overloaded method,behavior change,move method,https://github.com/JetBrains/intellij-community/commit/f9af2b2245832bac8e85716466ded7ed597c53fa,ast rewrite issue
https://youtrack.jetbrains.com/issue/IDEA-86806/Errors-in-inlining-abstract-base-class,Normal,Bug,Fixed,Java. Refactorings,Not specified,118.567,Not specified,Not specified,10 Feb 2023,1,,compile error,inline class,https://github.com/JetBrains/intellij-community/commit/d836edf6c52f4b01985cfa8cdfa079bff952e59e;https://github.com/JetBrains/intellij-community/commit/f33811b72d94e1aa570d4eb698eab2625011440a,ast rewrite issue
https://youtrack.jetbrains.com/issue/IDEA-147503/Extract-variable-is-paranoid-when-it-comes-to-array-indices,Normal,Bug,Fixed,Java. Refactorings,Not specified,"144.903, 143.826",Not specified,Not specified,10 Feb 2023,1,,unnecessary change,extract variable,https://github.com/JetBrains/intellij-community/commit/8405c1983286f6b7f4b72fb5b620a31071dc5e01,ast rewrite issue
https://youtrack.jetbrains.com/issue/IDEA-77194/Create-constructor-matching-super-generates-invalid-code,Normal,Bug,Fixed,Java. Refactorings,Not specified,111.213,Not specified,Not specified,10 Feb 2023,1,,compile error,Create constructor matching super,https://github.com/JetBrains/intellij-community/commit/f63576f8784a6941b549846afc51783c5d23c871,ast rewrite issue
https://youtrack.jetbrains.com/issue/IDEA-97777/Extract-method-on-overloaded-methods-with-objects-in-same-hierarchy,Normal,Bug,Fixed,Java. Refactorings,Not specified,130.956,Not specified,Not specified,10 Feb 2023,1,overloaded methods,compile error,extract method,https://github.com/JetBrains/intellij-community/commit/a1096fae350856f2b62c54996cd378c90b2cfe1c,Incorrect Type Resolving
https://youtrack.jetbrains.com/issue/IDEA-125995/Type-migration-should-accurate-change-definition-of-interface-class-method-with-generics,Normal,Bug,Fixed,Java. Refactorings,Not specified,Not specified,Not specified,Not specified,10 Feb 2023,1,java generics,compile error,Type migration,https://github.com/JetBrains/intellij-community/commit/88204d4e1eaf5e0c28e843d0fd3806a0330d43ab,ast rewrite issue
https://youtrack.jetbrains.com/issue/IDEA-90186/Severe-bug-with-Refactor-Migrate,Normal,Bug,Fixed,Java. Refactorings,Not specified,122.75,Not specified,Not specified,10 Feb 2023,1,annotation,compile error,Type migration,https://github.com/JetBrains/intellij-community/commit/2883d0ad379df8f8c6446f3d3b20dc0541f0e12d;https://github.com/JetBrains/intellij-community/commit/a87a832ccf6b49af60cb284cf3df1ac52984e569,ast rewrite issue
https://youtrack.jetbrains.com/issue/IDEA-79743/Extract-method-produces-redundant-cast,Normal,Bug,Fixed,Java. Refactorings,Not specified,112.666,Not specified,Not specified,10 Feb 2023,1,type cast,unnecessary change,extract method,https://github.com/JetBrains/intellij-community/commit/7d870ed6035e7055b8971f463d7c32184a08b636,ast rewrite issue
https://youtrack.jetbrains.com/issue/IDEA-81106/Generate-delegated-method-with-default-parameter-extracts-all-the-line-comments-from-the-original-method,Normal,Bug,Fixed,Java. Refactorings,Not specified,114.72,Not specified,Not specified,10 Feb 2023,1,comment related,comment related,Generate delegated method with default parameter,https://github.com/JetBrains/intellij-community/commit/b13cd651dc5f53da2ecc90bfdc25282e828124e4,ast rewrite issue
https://youtrack.jetbrains.com/issue/IDEA-83353/When-move-refactoring-is-invoked-for-constant-initialized-in-static-initializer-it-breaks-compilation,Normal,Bug,Fixed,Java. Refactorings,Not specified,Not specified,Not specified,Not specified,10 Feb 2023,1,static initializer,compile error,move field,https://github.com/JetBrains/intellij-community/commit/3d8ba2a63961ef471722ad6fa742d0ad9f4c57fc,overly weak preconditions